platform,comment,timestamp,username,sentimen
YouTube,Roy Suryo pantas di jeblos kan ke PENJARA,1 menit yang lalu,@marubaedisiahaan3435,Netral
YouTube,Kopok calon penguni penjara roy cs..semoga grombolan kadron panci..otak kerdil.kang panci semoga betah ya..roy suryo di depan kamera  gsyanya tertawa tapi jantung nya gemetera terkencing kencing..,1 menit yang lalu,@enyjulaikah7086,Netral
YouTube,"Orang yg ngotot dgn izazah jokowi, pasti ada niat tertentu ataupun mencari keuntungan. Rakyat ada di pihak jokowi yg telah banyak berkorban di negara ini.",1 menit yang lalu,@tsinurat-kv2vu,Netral
YouTube,"Salut buat Pak Suryo 
Konsisten melawan oligarki",1 menit yang lalu,@BadutSurabayaSidoarjo,Netral
YouTube,Orang gila ini mau ditunjukkan yg asli tetep aja bilang palsu yg bener langsung jalur hukum...,1 menit yang lalu,@bagiokirun5176,Netral
YouTube,Roy suryo ! Maksutnya orang salah ga boleh dihukum. Karna perempuan,1 menit yang lalu,@sutresNihero,Netral
YouTube,Kalo nganggur kerja njeng....bukan cari gara2 mulu bikin gaduh gag penting,1 menit yang lalu,@ariesprasetyo6273,Netral
YouTube,"Semangat, para pejuang pengungkap kebenaraan.",1 menit yang lalu,@MasNarqo,Netral
YouTube,Susah di kasih tau bak apalagi jubirnya   pasti tdk mau paham lah,1 menit yang lalu,@fauzinji8106,Netral
YouTube,Ya Allah tunjukan kuasamu kebenaran itu pasti akan kau buka dan kebusukan itu akan hancur ditelan masa amin,1 menit yang lalu,@IkkiIkki-e4h,Netral
YouTube,"Sangat lucu sumpah gerombolan mereka ini, apa sih tujuannya?",1 menit yang lalu,@Galuh1990-g7g,Netral
YouTube,"Setakat ditunjukin belum diuji forensik...emang polisi tahu itu asli atau palsu...
Nanti lihat dipengadilan...sama sama bawa team penguji/team ahli...
Buat sidang terbuka untuk umum...live di tv nasional serentak....
Biar hakim..jaksa...kagak berani main2...masyarakat sudah muakkkk...gaduh gara2 keluarga jokowi....",1 menit yang lalu,@niwayanserikandi4196,Netral
YouTube,"Masayrkt yg mn anda maksud? Roi,pintar itu relatif tp"" jd sok tau semuanya,",1 menit yang lalu,@edonmbeo8980,Netral
YouTube,"Orang-orang yg tidak suka Jokowi, jikalau kasus ini dimenangkan pihak Jokowi ya tentu mereka akan bilang aparat penegak hukum diintervensi 😂",1 menit yang lalu,@iamgilis977,Netral
YouTube,Kenapa RS sepertinya panik gt ya ..wakakakak...,1 menit yang lalu,@YosefWonosari,Netral
YouTube,Roi suryo grup  siap2 masuk pondok  😁😁😁😁,1 menit yang lalu,@KarmoPakde,Netral
YouTube,"Pengalihan isu oleh agen agen,, fokus RUU PERAMPASAN ASET KORUPTOR DI DPR RI AGAR JADI UU ,FOKUSS,,FOKUSS,,FOKUSS !!????",1 menit yang lalu,@5dimensi738,Netral
YouTube,Sebagai masyarakat harusnya spt roysuryo dan peneliti² lain..mending mikir penelitian² demi kesejahteraan masyarakat..nggak meneliti kesalahan orang lain saja,1 menit yang lalu,@edijambuwer,Netral
YouTube,"Menurut RS penelitian yg lain abal2, tapi pengakuannya klu penelitian dia sendiri baru ilmiah, pengin menangnya sendiri...",1 menit yang lalu,@sepur_pasiku,Netral
YouTube,Itu kan ulah kalian sendiri...kalau ibu ini tau diri,1 menit yang lalu,@jacksoares8512,Netral
YouTube,Orang yg SDH memendam kebencian maka tdk ada yg benar bagi mereka.jadi tdk ada alasan buat mereka utk mengelak dari perbuatan menghasut dan perbuatan pencemaran nama baik.,1 menit yang lalu,@ImronRosuadi,Netral
YouTube,Lah itu kan hak setiap orang terkait ijazah dia sendiri.... Emang bener Roy susuusuu ini terlalu goblok...,2 menit yang lalu,@seegenyiss8127,Netral
YouTube,Lagu Indonesia Raya sudah hafal bang?,2 menit yang lalu,@rendranuasa6727,Netral
YouTube,"Ntar jgn lupa roy bawa panci di penjara, mayan buat masak mie..",2 menit yang lalu,@Spyh74,Netral
YouTube,muak gw lihat muka muka pelapor,2 menit yang lalu,@andriirawan9887,Netral
YouTube,lihat dirimu sendiri dahulu .... sudah benar tidak?,2 menit yang lalu,@TheSansan889,Netral
YouTube,Macam roisurio saja yg paling jujur,2 menit yang lalu,@waebumbekchenel7148,Netral
YouTube,Kasus ini simple kalo barisan sakit hati lenyap dari Indonesia,2 menit yang lalu,@VesiskaYantiani-m7d,Netral
YouTube,Awas hati2. Roy Suryo sdh mulai nyentil 2 ibu2. Dia akan memframming jokowi kejam. Pd hal dlm hukum kedudujsn kita sama,2 menit yang lalu,@ruryanggrek5187,Netral
YouTube,BONGKAR KOTAK PANDORA... izajah palsu Mulyono...,2 menit yang lalu,@lashiraraiyalestari195,Netral
YouTube,jangan lupa laporkan juga say didu orangxini racun direpoblik ini kalau tak diproses hukum orangxbrenset ini,2 menit yang lalu,@twoz5552,Netral
YouTube,"Giliran dilaporkan balik baru bilang harusnya ini hal sepele,...gerombolan manusia sakit hati ya begitu",2 menit yang lalu,@modus1297,Netral
YouTube,Padahal panci sudah pernah di kandang kan tapi  tambah nyinyir terus,2 menit yang lalu,@bagioblt8147,Netral
YouTube,"Bikin gaduh negara doank,,",2 menit yang lalu,@warojiika7826,Netral
YouTube,Ya bagus.. Residivis bisa dihukun maksimal 😂,2 menit yang lalu,@ariefmarjuki9787,Netral
YouTube,"Makanya.....knp kepo yg tdk berguna itu dilarang agama....
Apa salahnya anda secara gantle temu Paki Jokowi dan melihat keaslian ijazah nya....
Kan selesai dari dulu....
Tapi KEPO ala Roy CS ini lebih menjurus kpd memfitnah dan merusak nama baik serta yg paling parah adalah membuat gaduh Bangsa ini.....
Maka anda besiaplah dgn sportif menerima akibat dunia akhiratnya....😊",2 menit yang lalu,@qjomblochannel8471,Netral
YouTube,"Diera ekonomi dunia sulitnya minta ampun,,kok tdk malah solid dan bersatu,,kok malah ,,membuat berita 2tdk bermutu...semoga semua orang 2 pintar di negri ini bisa membuat rakyat tdk linglung.😂",2 menit yang lalu,@siomi6x775,Netral
YouTube,"Harusnya bilang ijazah yg saya uji melalui foto bernama jokowi adalah palsu. 
Tapi gak tau itu ijazah jokowi pak presiden atau bukan. 

Jangan langsung bilang 
Ijazah Pak Jikowi (Mantan Presiden) Palsu. 

Itu namanya pencemaran nama Baik.",2 menit yang lalu,@nuelgracefun837,Netral
YouTube,"Roy suryo wes takut ,karena udah ada ijasah aslinya kasiah deh roy suryo kasihan deh",2 menit yang lalu,@FarisAmar-kf7bn,Netral
YouTube,we wok de tok no onli tok de tok,3 menit yang lalu,@AfgaLz,Netral
YouTube,Merasa paling benar Roy roy,3 menit yang lalu,@Azlan77215,Netral
YouTube,"Kalau sudah di perlihatkan Ijasa Pk Jokowi dan terbukri Asli, lNgsung jebloskan Roy Suryo  yg berhati busuk itu ke penjara.",3 menit yang lalu,@FaraDila-k3y,Netral
YouTube,Nha tenan to. Wis tak bedhek😂,3 menit yang lalu,@purwokertopwt4568,Netral
YouTube,DIMASA P.JOKOWI MASIH JADI PEJABAT NEGARA KENAPA GAK YG.MENGGUGAT DAN SEKARANG KAN SUDAH GAK MENJABAT APA2 BUAT IJAZAH ASLI ATAU TIDAK APA GUNANYA KAN SUDAH GAK DIPERLUKAN KN P.JOKOWI SUDAH ORANG BIASA UDAH GAK PELU IJAZAH KAN CUMA MENUNNJUKA KEDENGKIANJA AJA DASAR HATI YG.BUSUK TETEP BUSUK,3 menit yang lalu,@nursyamsiyah3127,Netral
YouTube,"Ini yang bikin kita tdak maju🤮president aja dibikin kayak gini, pdhal sdah berjasa bnget bliau ini😇",3 menit yang lalu,@diaharisthy8342,Netral
YouTube,Maunya masyarakat Indonesia Lo masuk penjara 😂😂😂,3 menit yang lalu,@Mayonk-sr8oe,Netral
YouTube,ROY SURYO INI BUKAN AHLI TELEMATIKA DIA HANYA PEMBENCI,3 menit yang lalu,@wongkongene88,Netral
YouTube,Kasus gak mutu njirrr,3 menit yang lalu,@Boucilkids,Netral
YouTube,"Roy Suryo nyanyiin Indonesia Raya z salah...,saya ragu, maling panci lulusan UGM....😂😂😂",3 menit yang lalu,@nurullohnurulloh869,Netral
YouTube,"Cerdas, kalau dia melaporkan pas dia masih jadi Presiden pasti jadi bulan2nan musuh politik. 
Sekarang dia warga biasa setara dengan yg lain. 
Semoga Roy Suryo cs mendapatkan hukuman maksimal. Aamiin",3 menit yang lalu,@ariefmarjuki9787,Netral
YouTube,Orang bodoh ya Roy Suryo otak tak pakai pikir aja😂😂😂 itulah di hti & di otaknya ada kebencian yaa itulah slalu Mencari² keslahan orang,3 menit yang lalu,@agussupriyanto8335,Netral
YouTube,"Pak Roy dkk Kurang kerja Kalian,,, 
Warga Negara butuh makan, pendidikan, kesehatan,,, malah kalian buat berita2 yang tdk berbobot. Urus tuh Masyarakat yg butuh makan.",3 menit yang lalu,@antonbokol73,Netral
YouTube,"orang bijak tindakannya pasti selalu melihat kekurangannya sendiri untuk diperbaiki, dan tidak mencaribkekurangan orang lain bahkan berusaha untuk memfitnah.
saudaraku roy suryo yg mulia, dan kawan2nya yg setia, sadar dirilah, sudah tua harus berusaha untuk selalu menambah perbuatan yg baik.",3 menit yang lalu,@AriputTirta,Netral
YouTube,Orang klo hatinya dah benci mau ditunjukin kebenaranpun tetap akan benci....,3 menit yang lalu,@puki482,Netral
YouTube,"Aku Heran..ini Orang kok ngak ada Kerjaan yg lebih Produktif.
Kerja,ada penghasilan,hidup Normal..jangan pake Kata² Masyarakat..",3 menit yang lalu,@anikandriyani224,Netral
YouTube,"Ini pribahasa lamongan akeh ketek e kakean omong ngk onok entek e udah gelar aja dipersidangan keduanya kakean omon omon pak,,, sat set sat set😮",3 menit yang lalu,@totokdj2937,Netral
YouTube,Roy Surya orang munafik puooolll,3 menit yang lalu,@jombangkota8160,Netral
YouTube,Gk pandang ibu2/ bpak2... Yg salah ya salah...yg bner ya bner... Wlpn ibu2 tpi kl dia salah& sdh klewatan menghinanya ya ttep proses hukum brjalan,3 menit yang lalu,@cebcupchanel3915,Netral
YouTube,Apa sih nilai positip tentang ijasah jokowi yg sampai saat ini persoalkan masa mantan presiden mau pake ijasah palsu coba kta sadar,3 menit yang lalu,@user-ur1vi3gw6l,Netral
YouTube,Yo masarakat setuju kalau tukang provokasi dokter tifa di jebloskan ke penjara makanya jangan teruss fitnah keluarganya pak jokkowi teruss mutu mu harimaumu segera di penjarakan grombolan grombolan yang nggak pantas hidup di dunia ini tempat mu pantas di penjara,3 menit yang lalu,@AbilMustofa-u8p1x,Netral
YouTube,"2 kata lucu, jokowi lapor",3 menit yang lalu,@fadhila3604,Netral
YouTube,"benar, hanya mau cari panggung saja...",3 menit yang lalu,@GayusYuliusOKale,Netral
YouTube,Roy suryo maunya apa sih....,3 menit yang lalu,@media7159,Netral
YouTube,Apa hubungannya sama Ibu². Ibu²nya memfitnah. Selamat menikmati bui tuh,3 menit yang lalu,@pam8sj0611,Netral
YouTube,"ODapatnya apa mempermasalahkan ijasah Jokowi,",3 menit yang lalu,@AyuLestari-hu5wf,Netral
YouTube,Kok kayak nya pucat roy....,3 menit yang lalu,@AlitopanHasibuan,Netral
YouTube,Si pencuri panci emang licik 😂 kita tunggu aja dia pakai baju oranye,3 menit yang lalu,@Mayonk-sr8oe,Netral
YouTube,"Di tunjukkan ke media harusnya, kalo perlu di bikin live",3 menit yang lalu,@namadefault4375,Positif
YouTube,Anda sendiri aja tidak menghargai seorang mantan presiden.,4 menit yang lalu,@Begal_Fishing,Netral
YouTube,UGM aja lu ga percaya apa lgi pa jokowi tunjukn ijasah aslinya,4 menit yang lalu,@novalbells-uh8nt,Netral
YouTube,kalau dpt ke ahlinya di teliti ijazah biang kerok banhsa.,4 menit yang lalu,@winphil5539,Netral
YouTube,Mantap pk jokowi sehat selalu pk kampus untuk roy suryo,4 menit yang lalu,@SulistiyoSulistiyo-ib7nq,Netral
YouTube,"Kenapa sih kalian menjatuhkan sama lain, kalian tidak berfikir dunia tidak baik2 saja, focus pd hal yang penting untuk Indonesia maju",4 menit yang lalu,@novaliaafantika8728,Netral
YouTube,wkwkwkwk ga percaya.... mohon maaf.... asli keluarnya tahun 2000an wkwkwkw sudahlah jangan ajari rakyat .....,4 menit yang lalu,@bagoltriono,Netral
YouTube,Mantap pk jokowi sehat selalu pk kampus untuk roy suryo,4 menit yang lalu,@SulistiyoSulistiyo-ib7nq,Netral
YouTube,kyk anak kecil ..bukan negarawan dgn respon kyk gini..,4 menit yang lalu,@davidsatya6031,Netral
YouTube,"Laporkan yg salah,,, hukum cuma bikin ures ures negara,,, semua ada konskuensinya",4 menit yang lalu,@hermawan4989,Netral
YouTube,"Sederhana sekali, tunukkan asli. Selesai masalah.. ini semangkin kisruh Krn yg bersangkutan tidak mau perlihatkan, . Ini yg bikin kisruh,saya kira kalau memang  yg bersangkutan punya good Will. Apa susahnya ditujukkan .. percayalah masyarakat Indonesia , sudah pintar semuA.. semangkin ditutup tutupi, nanti ledakannya mangkin besar..",4 menit yang lalu,@MuhammadZaki-go8ps,Positif
YouTube,Ini hanya pengalihan isu kasusnya si hasto 😂... Gimana tuh kabar hasto,4 menit yang lalu,@DHT_89,Netral
YouTube,"Siap siap royy busuk di penjara,, 😂",4 menit yang lalu,@GhanyAbdul-q5t,Netral
YouTube,yg bikin bingung kok cuma ijazah pak jokowi aja yg ditanyakan? kok nggk pd semua mantan presiden..ini maksudnya apa..emang bikin mslah RS ...pdhl kalo saya ingat waktu RS jd menteri olah raga pas nyanyi lagu Indonesia raya kayaknya  dulu nggk bisa. malu mungkin😅😅,4 menit yang lalu,@ifanzoehri7752,Netral
YouTube,Yesss seru nih 😂,4 menit yang lalu,@mrmisteryfuck,Netral
YouTube,"Saya nonton aja proses hukum yang berjalan, dan hasil akhirnya nanti kedua pihak bakal sama-sama menanggung konsekuensi hukum masing-masing.
Saya tidak memihak kepada pihak-pihak yang sedang terlibat dalam masalah keaslian ijazah Jokowi. Tapi dengan memanasnya kasus ini bikin saya juga penasaran, perlu mengetahui soal kebenaran ijazah Jokowi.",4 menit yang lalu,@kenthir2715,Netral
YouTube,Tidur dipenjara biar gak rame,4 menit yang lalu,@aswatisugihastuti7005,Netral
YouTube,"Pendukungnya Anis tu emang agak laen kwkwkw
Goblok nya kebangetan",4 menit yang lalu,@Effo_psindo93,Netral
YouTube,"Bentuk realnya belom tentu asli, kalo emang bener asli biarkan dibuktikan secara scientific",5 menit yang lalu,@mercyme3400,Netral
YouTube,Kurang gawean,5 menit yang lalu,@RealmeIndonesia-x5g,Netral
YouTube,"Tunjukkan kepada ahli digital forensik, ngapain ditunjukkin ke parcok? Mulyono penipu alooosss 🤣 ijazah VALSU!",5 menit yang lalu,@kacamataputih3421,Netral
YouTube,Apapun yg di lakukan jakowi.  di mata orang yg gk suka pasti salah pasti di cari cari keburukannya....,5 menit yang lalu,@ardyansyah8563,Netral
YouTube,Roy Suryo gelandangan politik Mentri pecatan😅,5 menit yang lalu,@id.podcaststory,Netral
YouTube,"Terlalu dibuat ruet wajar aja pa Jokowi lapor ,,niatnya RS ,tiva rasa benci ga reda reda",5 menit yang lalu,@PonimanasAnas,Netral
YouTube,Tunggu saja Roy jeruji besi terbuka utk mu,5 menit yang lalu,@devidvid653,Netral
YouTube,"BISMILLAH..
SEMOGA ROY PANCI NYUSUL MASUK BUI..
PENGEN LIAT ROY PANCI CENGAR-CENGIR DI BUI..",5 menit yang lalu (diedit),@WELLCOME_777,Netral
YouTube,Urusan ijazah aja serumit itu😂,5 menit yang lalu,@eserwinsusilo2399,Netral
YouTube,Itulah.....bangsa Indonesia ....risih mendengkannya .....masih banyak persoalan yg harus dipikirkan negara ....,5 menit yang lalu,@BuburManado-x8q,Netral
YouTube,Mulyono dari cara bicara & gerak geriknya saja palsu... apalagi izajah UGM pasti 99% Palsu,5 menit yang lalu,@lashiraraiyalestari195,Netral
YouTube,Sdh miss kepercayaan dg partai coklat... Pentolannya aja orgnya si cungkring,5 menit yang lalu,@ediyatietty8873,Netral
YouTube,"Selama msih bnyk org y Mulyanto ..susah untuk menang .😅😅😅 SM 
Yg sekrg aja 11;12😅",5 menit yang lalu,@rozikinikin9577,Netral
YouTube,"Lucu,di saat amerika cina perang dagang..di indonesia masih ngurusi ijazah😂 oh indoneiaku😂😂😂",5 menit yang lalu,@SaifulBahri-rb3xd,Netral
YouTube,Cangkem opo roy panci iki,5 menit yang lalu,@suprigembreng5684,Netral
YouTube,"Kami sangat setuju sekali masalah ijazah ini,di larikan ke ranah hukum.Katrna mereka ini  sering membuat onar dan menjelekkan mantan presiden.",5 menit yang lalu,@zakariafiraz8296,Netral
YouTube,"Merasa dipidanakan, makanya jgn asal lapor goblok.. roy roy,,, 😅😅😅prestasi tak ade, cuma bisa nyinyir",5 menit yang lalu,@no55g12,Netral
YouTube,Roy Royyyyy... mual aku lihat mukamu.,5 menit yang lalu,@naningsetyaning8615,Netral
YouTube,Roy kangen dengan hotel bintang 5 rupanya 😂,5 menit yang lalu,@DHT_89,Netral
YouTube,"Wkwkwkw negara lain dah maju. Sbagian sodara kt dsini msh sibuk ngurusin soal hal sepele, ijazah?? 😂😂. Sy sih percaya ma pak jokowi, toh jd kader partai, jd walkot, gubernur, presiden, berhasil pula, tuh dah jelas² g perlu tanya yg aneh². Namany org dah g suka pasti g da kerjaan, pasti aneh². Itu dah rahasia umum kok. Ntar klo ijazah asli pasti mrk bahas k yg lain, mungkin hidung pak jokowi palsu? Ato mungkin giginy pak jokowi da emas freeportny?? 😂😂 Kok g maju² pkrn kalian wahai sodaraku sebangsa & senegara, ayo fokus k hal yg lbh ptng lah",5 menit yang lalu,@cancer584,Netral
YouTube,Baca bahasa inggris gak bisa.itukah sekolah S1.cuma baca doang gak bisa.hahaha,5 menit yang lalu,@Fahriaeryfahri-f7e,Netral
YouTube,Pengadilan dan bukti bukti  masih bisa dikotak katik lebih baik SUMPAH POCONG di monas,5 menit yang lalu (diedit),@rohimali7255,Netral
YouTube,"Tunjukan Ijazah itu di Depan Pihak Penuntut,, dan di Saksikan oleh semuanya yang hadir. 😊",5 menit yang lalu (diedit),@MuhIshakMuhIshaq,Netral
YouTube,"Kalau misalnya palsu, yg salah bukan Jokowi tapi UGM😂 Jokowi aman saja😊",5 menit yang lalu,@Tobatlah-q8i,Netral
YouTube,Gak apa apa muka lu dah pusat mau busuk di penjara ibu ibu bejat pantas masuk penjara jokowi mayoritas di dukung masyarakat lu roi sapa yg dukungmu gr lu,5 menit yang lalu,@AlfinDarmawan-e5s,Netral
YouTube,Setuju tapi sing nguji Rismon ambek Roy Suryo iku emange sopo Rismon ambek Roy Suryo iku? sing berhak nguji Yo kepolisian Brow,5 menit yang lalu,@akbarbimantara4654,Netral
YouTube,"penjarakan saja si suryo itu, terlalu munafik.",5 menit yang lalu,@FatiyaCR,Netral
YouTube,sejak reformasi.. penguasa paling sering mempidanakan rakyatnya.. Ciri2 otoriter,6 menit yang lalu (diedit),@hotmanmtd1062,Netral
YouTube,"Sejak dlu gerombolan itu mmang selalu bikin ribut, utk ukuran org normal kelakuan2 mreka sdah dluar nalar. Tp mereka teriak sedang jihad😂 bner2 koplak",6 menit yang lalu,@ovivaid9562,Positif
YouTube,😂😂😂 roy suryo ketar ketir,6 menit yang lalu,@jun4edi1502,Netral
YouTube,"Pasti palsu, kl ga palsu ya bgtu pak bambang sm pak gusnur di penjara hrsnya di tunjukan, itu br akal sehat",6 menit yang lalu,@watiyah4433,Netral
YouTube,"Ini apaan sih gak guna banget masih mempermasalihin ijazah ,,",6 menit yang lalu,@stationvariasi2625,Netral
YouTube,Uhuuuuuyuuy,6 menit yang lalu,@kibeto6204,Netral
YouTube,"Masrakat TDK begitu ,hanya ROI Suryo saja yg sakit jiwa",6 menit yang lalu,@Koken-cw5od,Netral
YouTube,Roy Suryo Ra Iso Dipercoyo. 😂,6 menit yang lalu,@AchmadSoleh-b7j,Netral
YouTube,Walapun kamu perlihatkan dgn jelas pun mereka tak kan percaya.. karena hati mereka sudah membatu...,6 menit yang lalu,@jokoroti6876,Netral
YouTube,"Kalau bersalah dan menjatuhkan harga diri orang,tdk salahnya di pidanakan,saran utk pak Jokowi,lanjutkan kasus hukumnya, siapapun dan jangan lagi di maafkan seperti pada masa jadi Presiden, tks",6 menit yang lalu,@saifullahabdulmunifabdulmu3393,Netral
YouTube,"jadi kalau perempuan tidak boleh di laporkan..
kau kepo dengan orang pung barang...",6 menit yang lalu,@GayusYuliusOKale,Netral
YouTube,"Semoga orang-orang yang berhati bengkok ini di bukakan hatinya serta segera membertanggung jawabkan segala perbuatannya atas fitnahan-fitnahan yang aku rasa terlalu keji yang ditujukan pada pak jokowi dan keluarga serta kepada rakyat Indonesia umumnya karena terus terang sebagai rakyat merasa terusik atas tuduhan2 yang tak mendasar arah tujuan/kebenarannya itulah pandangan saya sebagai rakyat awam, mereka ini telah membikin negeri ini saling hujat satu sama lain serta telah menghambat keberlangsungan hidup bernegara.",6 menit yang lalu,@yusransafari237,Netral
YouTube,Ksih membusuk dipenjara biar kapok .,6 menit yang lalu,@denivivi2580,Netral
YouTube,"Bingung juga ya,kalau tidak ada kepentingan kenapa ijazah pa jokowi nya di permasalahkan ya,dan coba di timbal balik kalau yang mempermasalahkan di balik,itu kan urusan pribadi dan tidak ada kepentingan untuk di tunjukan dan apa korelasi nya???kacau semua orang yang tidak beretika harus nya kan ijazah di gunakan sebagai persyaratan untuk menjadi pejabat kan itu ada nya di KPU dan tidak ada korelasi nya terhadapa pada orang yang saat ini ribut2 masalah ijazah...",6 menit yang lalu (diedit),@edybungsu6725,Netral
YouTube,Emang tugas setan harus selalu memfitnah manusia dan cuman dia yg benar.... Giliran dilaporin mulai playing victim.... Dan setan pasti tidak akan pernah bertobat,6 menit yang lalu,@VesiskaYantiani-m7d,Negatif
YouTube,Apa hak ya Roy Suryo sebagai yang bukan berwenang meminta seseorang menunjukkan hal pribadinya ke orang lain yang sableng dan gila pengakuan.,6 menit yang lalu,@edoche.guevara1791,Netral
YouTube,"Yg gobloknya para pembeci itu,, kenapa di saat Jokowi calon walikota ga mau tanya itu ijasa,? Benar2 bikin rusuh",6 menit yang lalu,@OppoA-sv4kg,Netral
YouTube,Daripada curiga lebih baik kau diam di sel tahanan soalnya bebas juga tampang kau memang bukan masalah ijazah palsu atau asli namun ingin mempermalukan keluarga jokowi rasain loe sekarang kena batunya dikira jokowi akan diam terus ternyata kali ini beraksi 😂😂😂,6 menit yang lalu,@rezky4342,Netral
YouTube,Ilmiah apaan lu Roy cuman ngandelin analisa jenis font doang pake aplikasi receh aja berasa paling canggih.,6 menit yang lalu,@HitamPutih-gt2xr,Netral
YouTube,"roy suryo, si dokter gadungan tifa orang orang yang masih pengen eksistensi biar kelihatan sibuk ada kerjaan.",6 menit yang lalu,@adadisini-k6i,Netral
YouTube,Jangan jangan yg lima itu ijasah kw,6 menit yang lalu,@Didi-t3h,Netral
YouTube,Dah kaya gini baru dah panik wkkkkk lagi iseng ajah ajah izasa ajah di ribetin,6 menit yang lalu,@Sujaini-q9d,Netral
YouTube,Semoga aj nih tukang panci...ngebusuk di penjara,6 menit yang lalu,@auliaanandaputri6615,Netral
YouTube,"Satu kata""MAMPUSSSS"" kau😂😂😂😂",6 menit yang lalu,@Vanjuno,Netral
YouTube,"Sakit hati pak Suryo, seperti TDK punya otak; seharusnya waktu JD walikota, gubernur, sampe ke presiden, gugat kpunya dong pak klw pak TDK puas, sakit hati betul pak Suryo, kasian pak suryo",6 menit yang lalu,@AnieMihaBalo,Netral
YouTube,Untuk apa pakai preman donk kalau asli????,7 menit yang lalu,@faradi2233,Netral
YouTube,Yg penting Hakim nya Jujur,7 menit yang lalu,@salmahahmadsanga7404,Netral
YouTube,"Setalh tau benar asli.
pada kabur😂 cari kambing putih dihitamkan..",7 menit yang lalu,@kevinrasio2257,Netral
YouTube,Lebih adil Libatkan pakar Internasional.,7 menit yang lalu,@KhalidJabar-c7q,Netral
YouTube,"Roy Suryo & teman "" Ini sudah dasarnya gk suka sama Jokowi,, ya selamanya selalu mencari cari kesalahan Jokowi,,# Kurang kerjaan,, I ❤ u Jokowi,, Anda org yg tangguh....",7 menit yang lalu,@MasAgus-pb5do,Netral
YouTube,"Mantan presiden...amemang harus ambil sikap,.orang2 yg di tumbalkan.... Dan dapet duit....untuk buat gaduh....harus di binasakan",7 menit yang lalu,@OmSigun,Netral
YouTube,Mampus kau roy suryo. Segera terkubur di penjara..  ayo yg berakal sehat bersatu segera menuju indonesia maju.,7 menit yang lalu,@evimaria9847,Netral
YouTube,Masih aja ijazah d urus nga ada yg lebih penting ap.. Itu roy panci udh d balikin blum n udh hafal pancasila n Indonesia Raya belum..,7 menit yang lalu,@endytirt9969,Netral
YouTube,"𝑴𝒂𝒔𝒚𝒂𝒓𝒂𝒌 𝒎𝒏 𝒅𝒂𝒔𝒂𝒓 𝒈𝒐𝒃𝒍𝒐𝒌 𝒂𝒕𝒂𝒔 𝒏𝒂𝒎𝒂 𝒌𝒏 𝒎𝒂𝒔𝒚𝒓𝒂𝒌𝒂𝒕,𝒂𝒔𝒂𝒍 𝒏𝒈𝒆𝒃𝒂𝒄𝒐𝒕 𝒂𝒋𝒂 𝒏𝒊 𝒎𝒆𝒏𝒕𝒓𝒊 𝒑𝒂𝒄𝒊",7 menit yang lalu,@M.Taher-jo6fw,Netral
YouTube,"Saya yakin ijazah jokowi asli,cuman photo nya orang lain,sebenarnya bapak ini  sdh tau",7 menit yang lalu,@MuhammadTeguh-d2w,Netral
YouTube,Kalau jokowe yang salah siapa yang berani hukum.,7 menit yang lalu,@Fahriaeryfahri-f7e,Netral
YouTube,"Sibuk dengan urusan ijazah orang lain apakah ijazah yg melaporkan sudah bener semua, sudah sesuai keahliannya kah???",7 menit yang lalu,@sriwahyuniok947,Netral
YouTube,Orang diam diusik usik..sekarang dia beraksi.. malah di bilang menjarakan perempuan. katanya ijasah Pak Jokowi palsu. Roy Suryo Batreinya lagi low 😂,7 menit yang lalu,@JeniaJessica,Netral
YouTube,Ini bukan karna masarakat tapi ini demi untuk mereka pembenci Jokowi jadi harus tangkap masukan ke penjara dan tidak USA di keluarkan agar negara ini tidak kacau😂,7 menit yang lalu,@MezaacAndries,Netral
YouTube,parcok kan org nya jokowi? tapi kita pantau dan kawal saja bagaimana ending nya,7 menit yang lalu,@wirosableng-p5q,Netral
YouTube,Betul sekali kata mas roy  cobak  misalnya pak jokowi dari awal ditunjukan  beres gak bikin gaduh persiden kok gak per  sehat selayu mas roy jangan dengerin  loyer bansos,7 menit yang lalu,@BaPak-w2n,Netral
YouTube,"Klo memang Pk Roy Uda meyakini ijazah Pk Jokowi palsu,harusnya pihak yg mengeluarkan ijazah itu yg anda gugat.saya masarakat biasa kok merasa Pk Roy orangnya hanya merasa pintar tapi gk benar pintar",7 menit yang lalu,@SaenalEnal-u5l,Netral
YouTube,Sejarah jokowi sejarah kepalsuan,8 menit yang lalu,@RumahBelajarAnak,Netral
YouTube,Sekelas presiden dan kini menjadi mantan presiden saja dipersoalkan masalah ijazahnya. Jadi sebagai masyarakat biasa jgn heran kalau kalian selalu dalam masalah.,8 menit yang lalu,@nixsonyordan3562,Netral
YouTube,"Iya kan, apapun itu tetap salah, karena kebenciannya sudah mendarah daging...",8 menit yang lalu,@OmPaijo84ok,Netral
YouTube,Mau ibu ibu. Mau siapapun kalo bertindak melanggar hukum ya harus di tindak sesuai hukum.,8 menit yang lalu,@rikoirwanto889,Netral
YouTube,jasamu itu apa orang reseh seperti  roi Suryo dan rekan  terhadap bangsa ini rakyat tidak ada yang suka orang bikin gadoh bangsa ini  penjarakan aja Roy  Suryo dkk SE umur  hidup biar bangsa ini ayem tentrem  ok bajingan Roy Suryo dkk  bikin gaduh terus 😝😝😝😭,8 menit yang lalu,@subagio9747,Positif
YouTube,Ibu ibu yg suka menyebar fitnah dan menyebar kebencian dan juga selalu mencari kesalahan orang lain...memang harus di beri pelajaran...pak Jokowi juga manusia biasa yg punya perasaan sakit hati...sesabar sabarnya orang tetep manusia biasa..,8 menit yang lalu,@mochammadmuhaimin5564,Netral
YouTube,"Ya biar kapok emak² kq melok², lek dipenjara Yo awakmu sing tanggung jawab Roy, awakmu sing provokator",8 menit yang lalu,@akbarbimantara4654,Netral
YouTube,Isu2 kaya gini sampe keluar negri gk ya? Dan apa dampaknya🤔🤔🤔,8 menit yang lalu,@icymens8737,Netral
YouTube,"Saya heran sama orang-orang yang mempermasalahkan ini.

 banyak sekali pengusaha-pengusaha yang gulung tikar dan investor investor luar negeri yang mau menginvasi di Indonesia pada lari kocar-kacir 

serta para ormas yang meminta haknya di mana-mana

Pertanyaannya begini

Kenapa tidak berusaha membikin lapangan pekerjaan di Indonesia lebih banyak

Supaya Indonesia maju....",8 menit yang lalu,@jiwosatria5931,Netral
YouTube,"Dari pak Roy suryo dan kawan2nya yang berusa membongkar kepalsuan ijazah jokowi demi terungkap kebenaran, kita rakyat akan melihat siapa2 selama ini yang bersubhat menutupi kebohongan demi kebohongan.",8 menit yang lalu,@MerahBulan,Netral
YouTube,Kandangkan biang rusuh ini,8 menit yang lalu,@omganteng4700,Netral
YouTube,jokowi memang suka jebak rakyat nya sendiri😂 dendam gara gara delembar kertas bisa masuk penjarakan orang lain anjay slebeww,8 menit yang lalu,@ilhammudin5233,Netral
YouTube,"Rakyat Indonesia sebentar lagi akan menyaksikan ENDING dari DRAMA polemik ijasah Pak Jokowi ,, siapakah yg akan menang di game WINNER take ALL ini 😮 ??!!",8 menit yang lalu,@goldenrules5697,Negatif
YouTube,Berita jembut...!!!,8 menit yang lalu,@Silent_Traders,Netral
YouTube,Pada kepo ijazah jokowi... Kurang kerjaan....  Si roy yg enak di apain ya,8 menit yang lalu,@minot1555,Netral
YouTube,"Cengar cengir aja mas suryo anggap enteng laporan jokowi, semoga nanti masih cengar cengir juga,didepan penyidik.",9 menit yang lalu,@syamzalisatriaperdana,Netral
YouTube,"Mempidanakan dua ibu2 menurut Roi Suryo, habis ijazah apalagi pak ?,  akta lahir pak Jokowi, habis akta lahir apa lagi  pak ?, Jokowi sudah selesai , kalau mau tembak langsung aja ama yg dituju, jangan membenturkan kepala ketembok sakit lho pak, hati2 kalau mau cari popularitas jangan serampangan,  hormati harga diri bapak jangan mengatasnamakan kejujuran sedangkan kita lupa pada diri sendiri",9 menit yang lalu,@EndangsriWahyuni-ce1zs,Netral
YouTube,"Wah sdh minta, belas kasihan, ky apa koar "" Anda, tolong dong koreksi diri sendiri byk bicara tapi untuk nkri tdk ada jasa yg terlihat di masarakat  ini.",9 menit yang lalu,@SibengPutra,Netral
YouTube,Gua yakin #RoySuryo itu bakalan dikrangkeng krn muliut busuknya!,9 menit yang lalu,@MelkyMey,Netral
YouTube,"prtnyaannya itu pak jokowi tsbt sudh lengser dari seorang presiden kan msih dpt UANG pensiunan dari Negara yaa.. dan uang tsbt dari uang rakyat jg, llu knpa rakyat mmpertnyakan ttg ssuatu yg disembunyikan nya mlah dipolisikan?? makhluk apa itu?! iblis atau makhluk tolol..?!",9 menit yang lalu,@firmanhasan9331,Netral
YouTube,Penjarakan rroy surio itu bikin gaduh aj kmu yg kepo urus hidup org knp itu kmu yg kepo barisan org yg sakit hati kmu harus di penjara seumur hidup biar kmu mewek sana mencemar nama baik org,9 menit yang lalu,@SujarSujar-b2b,Netral
YouTube,Hati2 pak Roy ...mereka SDH siapkan  Hakim ....ya Taulah hakim Indonesia,9 menit yang lalu,@amarmannaungichanel5680,Netral
YouTube,"Roy suryo masih dengan argumenya, tidak apa apa seorang mantan presiden memenjarakan ibu ibu tidak apa apa,

Siapa yang memulai siapa yg  ahirnya mencari pembelaan 😂😂😂😂",9 menit yang lalu,@SusanAlifa-by7tp,Netral
YouTube,Apapun alasannya alhamdulillah kami bukan orang tolol yg bisa percaya roy suryo dan apalagi amin rais.,9 menit yang lalu,@yoviehanafi7845,Netral
YouTube,"Roy Suryo pakar gak punya kerjaan, bersyukur ada pak Jokowi jadi ada kerjaan🤣",9 menit yang lalu,@syarifudinudin3333,Netral
YouTube,Roy suryo sudah ketar ketir (biar rakyat menilai mantan presiden melaporkan 2 ibu katanya)emang kalo mantan presiden mau lapor emang kenapa kan kalian yg duluan terus giring opini sampai diluar batas. ..,9 menit yang lalu,@JuriGinting-qm2ro,Netral
YouTube,"Secara pendapat dan rasah, bhwa ijazah itu adalah Dasar legalitas secara akurat dri. Ending dri. Sistem proses / prosedur akademis yg telah di tempuh sesuai ketentuan dari ketetapan yg benar..brarti ijazah itu adalah suatu kebenaran stiap wisudawan dri. Perguruan tinggi yang bersangkutan.. Kecuali.. ada terbit Ijazah. Lantas tdak ada namanya pada buku registrasi Alumni. Pda jurusan sesuai ijazah yg dimiliki.. Mka itu sja perlu.. Di klarifikasi dan di verifikasi kebenarannya... Scara akurat.. Krna bisa saja itu.Blum tentu kesalahan tapi hanya kekeliruan.. dll..dsb..Mkanya ini sja prlu di luruskan.. untuk mencari kebenaran sesuai apa adanya.. Tdak prlu. . ditambah dan tdak prlu di kurangi.",9 menit yang lalu,@Muh.Nur.A,Netral
YouTube,"Roy Suryo panci yg namanya sejarah tidak bisa di analisa tapi sejarah itu bisa dibuktikan dengan pelaku sejarah itu bersama teman dan orang sekitar yg hidup berbarengan pada masa itu jadi klo ijazah Jokowi yg tahu itu hanya orang 2 yg kuliah pada masa itu ditahun yg sama dan fakultas yg sama beserta dosen 2 dimasa itu dan lagi setiap Galu itu ad buku agenda yg memuat para siswa beserta foto di setiap civitas akademika, jadi utk ijazah seseorang tidak bisa ditebak 2 atau di analisa tapi yg bisa membuktikan temen2 seangkatan Jokowi dan dosen, utk pak Roy Suryo panci anda tidak bisa membelokkan sejarah dengan menganalisa",9 menit yang lalu,@mayameliana6831,Netral
YouTube,Org yg paling peduli dgn ijasah😂,9 menit yang lalu,@yukiapriliyo179,Netral
YouTube,"emang roy benci aja sama jokowi, apapun jkw lakuin tetep bakal salah. yang lebih goblok lagi orang orang yg percaya sama roy, udah tau rekam jejaknya roy tukang fitnah",9 menit yang lalu,@cihuyyy14,Netral
YouTube,Masyarakat perlu tau ijazah yang,9 menit yang lalu,@tunggalsukmono5227,Netral
YouTube,Ibu ibu juga kalo mulut nya berisik ngomg gak baik ke mantan presiden wajib di laporin. Klo udh tau ibu2 makanya diem ngurus anak aja.,9 menit yang lalu,@HitamPutih-gt2xr,Netral
YouTube,Walah mau ngeless... emg mantan presiden gk boleh mempidanakan orang yg menghina dirinya....dasar rai panci,9 menit yang lalu,@jumono123-u8d,Netral
YouTube,Babak baru yg seru.....,9 menit yang lalu,@fahronironi9786,Netral
YouTube,Waooooo.ijasah makan korban .ijasahini dulu makan korban2orang.sekarang minta korban minta 5orang lagi.ajor mumur indonesia gara2 ijasah pesugian.minta korban lagi.,9 menit yang lalu,@kuatsantoso6104,Netral
YouTube,"Roy Suryo sakit hati dari sudah hilang jabatan
Sudah tidak ada pekerjaan jadi mau  ingin jadi top
Roy Suryo tidak patut di contohi sebagai mantan pejabat
Roy Suryo mulut buaya
Mulut buas",9 menit yang lalu,@rudyantonio3637,Positif
YouTube,Harus diperlihatkan juga ijazah jokowi pada masyarakat jangan hanya sama polisi saja dan juga uji porensik,9 menit yang lalu (diedit),@ZulKifli-bg7ll,Netral
YouTube,Sibuk amat ngurusi ijasah,9 menit yang lalu,@SugengSudiarto,Netral
YouTube,Siap siap baju orange Roy Suryo 😂,9 menit yang lalu,@rianto244,Netral
YouTube,"Baru x ini mantan presiden RI mau d pidanakan oleh rakyat na yg mana kata na ijazah palsu dan dari sejak dulu warga dah curiga tapi Lom juga d usut..byk org blg terlambat mau usut Jokowi dg kasus ini knpa g dari dulu dulu jadi presiden, klo emnk terbukti otentik menggunakan ijazah palsu..rakyat menilai org org yg selalu d pakai dan dapat jabatan memiliki kartu AS tersendiri bagi penguasa, bahkan dia lah lebih tau isi dapur na.. kebebasan pendapat RI",9 menit yang lalu,@tagorengineer4724,Netral
YouTube,"Taiii kabeh,... Ini supYah kasus KORUPSI RATUSAN TRILIUN BIAR HILANG",9 menit yang lalu,@FauziUzi-k5k,Netral
YouTube,Orang gila harus segera dikerangkeng kalau tidak akan membuat kegaduhan dari dampak imajinasinya membuat fitnah dan pencemaran nama baik  terhadap orang lain,9 menit yang lalu (diedit),@SugiantoWijaya-hb6ts,Netral
YouTube,"Pengacara anda jangan bego2 banget,Jokowi itu bekas Presiden pak ,,
pak Advocat simple berikan Ijasa aslinya jokowi ke masyarakat RI ,k jokowi ,kan Beres ,,,ini malah bikin gaduhhhh ,,",10 menit yang lalu,@ahmadzulkarnain3857,Netral
YouTube,Bisa aja..mengatas namakan masyarakat..lo aja kali..,10 menit yang lalu,@Jersey_freakid,Netral
YouTube,"Negara lain pokus untuk memajukan negaranya,ini sibuk ngurusin ijazah 😂",10 menit yang lalu,@UsepSuherman-z4n,Netral
YouTube,"Kebohongan suatu saat nanti pasti terbongkar, IKN saja skrg sudah di senyap kan, kerja nyata buang2 uang dan nyusahin rakyat itu lah kebanyakan pemimpin di indonesia",10 menit yang lalu,@eycak3727,Netral
YouTube,"Tidak sembarang tunjukkan ... ijazah itu milik pribadi, hanya pengadilan dan tim seleksi yang berhak meminta menunjukkan barang milik pribadi.",10 menit yang lalu,@TheSansan889,Netral
YouTube,Hatter gonna be hate. Presiden sudah ganti masih aja dicari kesalahan jokowi. Kasihan. Semoga yg salah kena karma dari Tuhan Yang Maha Esa,10 menit yang lalu,@samsugab6063,Negatif
YouTube,"Negara negara yg lain udah maju2..
Di indo mundur 40 THN ke belakang..
Masih ngurusi ijazah Bae..😂😂",10 menit yang lalu,@untungwaluyo9390,Netral
YouTube,Iyo kang bikin mumet ae...,10 menit yang lalu,@tharlee3915,Netral
YouTube,Ujung2nya nanti minta mf yg bilang ijazah bpk jokowi palsu..,10 menit yang lalu,@MediaNusantara-t2o,Netral
YouTube,Makane RS  cs kl sdh diam disabari tp trs menerus dihujat.. Dicaci.. Difitnah.. Skrng stlh dilaporkan ganti ngomongnya mantan pres kok laporkan.. Ketakutan.. Smg p Jokowi seklrg sht sll🙏🙏,10 menit yang lalu,@yayuksupriyani1852,Netral
YouTube,Roy panci saja kosong omongannya 😂,10 menit yang lalu,@dwinanto2529,Netral
YouTube,orang aneh ni grombolan sakit hati..maunya menang sendr...dah penjarakan aj suryo ini,10 menit yang lalu,@triwaluyo4385,Netral
YouTube,PDIP selalu di hati❤,10 menit yang lalu,@cerinaeli3208,Netral
YouTube,"Emangnya ijazah p.jokowi merugikan si roy,niatnya si roy cari kesalahan p.jokowi karena sakit hati",10 menit yang lalu,@hadisupriadist8099,Netral
YouTube,"Semoga terbongkar semua apabila ada kebohongan!!apabila memang asli ijazahnya,maka terlapor dihukum sesuai Undang2 yg berlaku.TAPI apabila ternyata palsu...Hukuman apa yg pantas  untuk dia yg sudah menipu bangsa dan negara kita??",10 menit yang lalu,@Rubs8024,Netral
YouTube,"Ini bukti hebatnya dan cerdasnya jokowi di masa jadi presiden diam..setelah tak menjabat di biarkan  masuk prangkap langsung disikat., kecerdasan .katanya pakar kalah jauh",10 menit yang lalu,@Arnawa-zj8xe,Netral
YouTube,"Roy Suryo memang bertujuan menggiring opini masyarakat agar membenci Jokowi, sampai Roy Suryo merasa perlu untuk mengetahui proses skripsi Jokowi alumni UGM, banyak sekalu tuduham Roy Suryo kepada berbagai pihak diantaramya kepada UGM dan kepada POLDA metro jaya yang dianggap abal2 (rendah)",10 menit yang lalu,@mardijonomardi4324,Netral
YouTube,Roy suryo!!! Itu mencari sensasi aja.nga ada rakyat yg.mendukungnya. mulutnya bahaya juga.karna mulut tubuh binasa..!!,10 menit yang lalu,@robbyayalrobby4216,Netral
YouTube,APA DASAR JOKOWI LAPOR...TUNJUKKAN PADA PUBLIK.SUDAH SELESAI .Loya loya hakim jaksa .APAKAH SUDAH MASUK AMPLOT..POLISI INDIA.TAMAT SMA ..SUDAH DAPAT GAJI BELUM.BIKIN RIBUT RI...,11 menit yang lalu,@makmuradam8402,Netral
YouTube,"Lima orang itu pinter tapi pethuk ,cengoh",11 menit yang lalu,@Didi-t3h,Netral
YouTube,"Maka ny..jgn trlalu kepo klian dgn ijazah org..apa jg manfaat buat klian tntang ijazah pk jokowi, ngotot hrs tunjukan keaslian ijazah pk jokowi?? Nampak bnr klian benci  sm pk jokowi..akhir ny apa skrg??",11 menit yang lalu,@iwanSugars,Netral
YouTube,Mulut mantan seorang koruptor apa masih bisa di percaya?,11 menit yang lalu,@jojoputra1204,Netral
YouTube,Ah banyak bacot lo roy suryo bentar lagi masuk lagi lah !!!!,11 menit yang lalu,@ivanfaizal5081,Netral
YouTube,Kalapahhh,11 menit yang lalu,@msoleh9298,Netral
YouTube,Orang yg suka mempofokasih harusnya dipenjara seberat beratnya karnah Uda membuat keresahan yg menghambat kemajuan,11 menit yang lalu,@SaenalEnal-u5l,Netral
YouTube,"Hati"", roy suryo itu sangat licik.",11 menit yang lalu,@UbielSumbreng,Netral
YouTube,"Kata RS kalau Jokowi Tunjukan, maka tak ada masalah dan masyakarat tdk curiga. Ini RS dkk. Waras gk sih? Kau siapa sehingga Jokowi menunjukkan ijazahnya ke kamu? Add aja negara konoha ini😂",11 menit yang lalu,@Tobatlah-q8i,Netral
YouTube,"Kalu melihat,jawaban antara saudara Roy,dgn kuasa hukum Jukowi,antara jawaban yg jujur/benar,,,saya memilih Roy Suryo,,,kl d liat dr muka,mata dll,Roy Suryo memang benar",11 menit yang lalu,@RizkiGina-b1j,Netral
YouTube,Roy Suryo berat untuk berjuang kebenaran,11 menit yang lalu,@lohanarwana1383,Netral
YouTube,"Cara berpikir nya begini...
Roy Suryo dkk mendapatkan ijazah dari seseorang.. kemudian mereka meneliti keaslian ijazah tersebut.. baru kemudian bisa mengambil kesimpulan asli atau tidak... Gitu kan?

Nah klo ijazah pak Jokowi belum diserahkan kepada mereka dan mereka juga belum meneliti berarti belum ada kesimpulan ijazah Jokowi itu asli atau palsu..
Terus pak Jokowi melaporkan 5 orang tersebut atas tuduhan apa?

Saat ini Roy Suryo dkk sedang disibukkan meneliti skripsi Jokowi yang hasilnya skripsi nya agak nyelene, ga umum  serta lucu..",11 menit yang lalu,@arisetyana5145,Netral
YouTube,biarpun asli Roy ttep anģgap palsu.karna yg bener harus roy suryo.nggak sesuai dng penelitian nya..Repot jadinya,11 menit yang lalu,@sutanto9527,Netral
YouTube,"Percuma nama juga dia ngarang asal nuduh
Kalo emg asli ditunjukin juga sma aja😂😂
Slah pun ttap kuatkan urat leher buat bantah😂😂",11 menit yang lalu,@MamatGunshop-u2p,Netral
YouTube,Siap.....siappp...ikam😂😂😂,11 menit yang lalu,@tintonsuprapto5811,Netral
YouTube,Kalau pak jokowi sudah tunjukan ijazah aslinya..maka bagi yg memfitnah .harus fi hukum mati.,11 menit yang lalu,@rofinusmaru826,Netral
YouTube,"Kalo mau tunjukkan ya harus di Media TV ijazah asli Jokowi, lalu tampilkan juga minimal 50% ijazah asli seangkatannya. Jadi kita tahu apakah ijazah asli Jokowi memang benar-benar asli?",11 menit yang lalu,@denihenriansyah366,Negatif
YouTube,"Dari awal kalau sudah ada pertanyaan dan kegaduhan terkait ijazah palsu, kenapa tidak dari awal tunjukin tu ijazah dan diuji..? Aapkah dulu belum ""siap""..? Sesimpel itu aja,,
Lah kenapa sekarang melaporkan dgn dalih pencemaran nama baik, apa karena sudah siap untuk menjebak bagian rakyat yg peka dan mencurigai ijazah palsu orang no 1 yg pernah menjabat 2 priode .? Lucu",11 menit yang lalu,@ZainalArifin-v1o,Netral
YouTube,"Kntlll ga jelas, masi aje urusan gini ijazah di bahas²",11 menit yang lalu,@tigakuncup6523,Netral
YouTube,"Jangan kasi kendor pak jokowi ,pak suryo dkk harus di proses secara hukum karna udah meresahkan rakyat kita,kalau tidak di proses nanti senak nya saja mereka2 ini bikin fitnah apa apa lagi terhadap yg lainnya",11 menit yang lalu,@DimoDimus,Netral
YouTube,"Roy suryo ....tobatlah, lo bentu tentu pakar beneran",11 menit yang lalu,@PusanPutranto,Netral
YouTube,"Penelitian sakit hati,jadi fitnah",12 menit yang lalu,@PowerRanger-hj3qz,Netral
YouTube,"Kemaren lucu pas debat sama aiman itu si projo cuma bisa nakutin ancaman pidana padahal pak rismon minta jawaban ilmiah bukan jawab ancaman pidana doang, datang lawan dgn jawaban dan data ilmiah bukan sembunyi, ngelapor ke polisi oknum tukang kibul demi stabilitas negara",12 menit yang lalu,@Wongfaehong,Netral
YouTube,"ya elah tgl tunjukin aja mukidi klw emg ijazah ente asli,,ga usah ribet kan banyak ahli nanti yg bakal ngecek..lagian gw baru denger di UGM ada jurusan teknologi kayu,,mana ada jurusan itu..klw emg bnr kuliah mah ga bakal salah nyebut nama jurusan sendiri..aneh dan membagongkan bnr2...gokil2 mokondo bisa jadi presiden,,kacau !!",12 menit yang lalu,@thetroublemaker16,Netral
YouTube,Roy Suryo kita doakan dibui....pembuat gaduh...,12 menit yang lalu,@nusantaratv1589,Netral
YouTube,roy suryo ketakutan:face-blue-smiling::face-blue-smiling::face-blue-smiling:,12 menit yang lalu,@jasavast6905,Netral
YouTube,"Buset ribet amat sih orang itu tinggal nunjukin ijazah doang, lebih seneng bikin rakyat ribut itu orang satu.",12 menit yang lalu,@ParadoxArtificial,Netral
YouTube,"roy panci pakar telenovela perlu tahu ijazah pak Jokowi tidak akan ditunjukkan pada gerombolan dungu yang hatinya penuh kebencian yang dengan bodohnya ingin mencoreng nama baik pak Jokowi...
😊",12 menit yang lalu,@thomasadwiarto3735,Netral
YouTube,"cuman di indonesia lah begini, lawak x mantan presiden disuruh nunjukkin ijazah asli. terlampau bodoh roy suryo.",12 menit yang lalu,@Nubies,Netral
YouTube,Negarawan yg berjiwa KERDIL,12 menit yang lalu,@usmawijaya2859,Netral
YouTube,Tdk butuh ji semua org liat .tdk ada untung nya,12 menit yang lalu,@juanpammase-hf4fl,Netral
YouTube,"Nggak sesimpel itu lah, beliau kepala negara, misal pak minta nomor selana nya atau nomor sepatu nya itukan simpel tinggal tunjukan. Seorang kepala negara gk bisa gitu.!! Sekarang beliau sudah jadi sipil biasa orang diam juga klo sering diusik ya pasti bertindak.",12 menit yang lalu,@TiwiAmelin,Netral
YouTube,Orang2 udh pada pergi ke bulan...lah konoha malah ribut ngurusin ijazah ...🤦‍♂️,12 menit yang lalu,@adhibhorneo5094,Netral
YouTube,"Ini, pertarungan, IPTEK TELEMATIKA, Digital porensi obyek asli tdk asli ijazah Fak Hukum UGM. Jadi penyidik harus menggunakan IPTEK. Di sini teruji, mana obyektip. Bila perlu ahli Datengkan dari Luar negeri  spy jeobyetipan hasil penelitian atau sarntifik yg dapat di pertanggung wabkan scr hukum. Jokowi jelas di bawa ijazah aslinya ke Polda metro dg siap di uji keasliannya dg ahleniptek telematika dan digital porensik. Selesai.",12 menit yang lalu,@gdecarde9781,Netral
YouTube,"siapa saja yg terbukti salah, hukum mati aja, 
buat gaduh dalam negara, terbuka kasus baru bisa menutupi kasus lama,
kadang ada yg nyari viral,,,
saran saya ne, lebih baik yang salah di hukum mati,,,,",12 menit yang lalu (diedit),@NKRI45_MP-GRD,Netral
YouTube,"Bodo amat...mau ribut ribut situ lah pejabat..
Muak udah liat pemimpin yg saling sikut demi ego pribadi.
Angep aja hiburan",12 menit yang lalu,@arieway1907,Netral
YouTube,"Roy suryo mambu endog,ngomonge",12 menit yang lalu,@kokopi2842,Netral
YouTube,Jgn lupa kuasa hukum nya juga harus ikut di seret karena dia membela yg salah,12 menit yang lalu,@takeshybrai9820,Netral
YouTube,"Kalau bawa ijazah asli ya tujukan ke publik 
Klu  untuk yg pitnah proses gitu ajh repot",12 menit yang lalu,@Q-NOY-02,Netral
YouTube,Mulai ketar ketir mas roy suryo,12 menit yang lalu,@alvinoal313,Netral
YouTube,Knp dari dulu aja tunjukan ijasah nya molyonu molyono,13 menit yang lalu,@gameskill5029,Netral
YouTube,"Sebenernya tidak akan serumit ini, tinggal menunjukkan yg asli selesai",13 menit yang lalu,@MuhammadTeguh-d2w,Netral
YouTube,Pidanakan dua ibu? Hello...maksudnya apa? Emang g boleh laporkan ibu ibu kalau tebar fitnah kebencian nama baik?..,13 menit yang lalu,@DianRatri-pz8uo,Netral
YouTube,Penjarakan manusia laknat ini,13 menit yang lalu,@ArfaDian-v9v,Netral
YouTube,Penuh dgn rekayasa kenapa tidak dari dulu saja ijasahnya dikeluarkan jokowi senang adu domba rakyat,13 menit yang lalu,@Thefather-h8w,Netral
YouTube,"telah mencemarkan nama baik presiden RI ke 7 , dengan ini roy suryo dinytakn kudeta pemberontak RI . 

#lawankerocokerco
#indonesiapintarbermartabat
#indonesiaantiorangperusaknegara
#indonesiapintarcerdas",13 menit yang lalu (diedit),@AliAhmadi-v7h,Netral
YouTube,"Sebenarnya sejak HTI dan FPI dibubarkan,kalian kalian sudah mencari cari celah untuk menggagalkan semua kebijakan pak jokowi.jd roy panci jng membuat seakan akan masalah ijasah palsu ini baru.siap siap aja masuk kandang,karena pastinya kebijakan jokowi tidak bakalan bisa dihapus.",13 menit yang lalu,@Abdullahmanik-gs6mv,Netral
YouTube,Enak aja...roy suryo jgn kasih kendor...konswensi bikin gaduh...prodeo,13 menit yang lalu,@indriwantoro4181,Netral
YouTube,Jagan ka di lihat kan ke polisi..diperlihata ke Mas Panci aja pasti dia gak akan percaya..,13 menit yang lalu,@warsayogaswara7991,Netral
YouTube,Pak Jokowi track record selama jd presiden suka berbohong.Jadi saya lebih percayai beberapa ahli yg bilang skripsi sarjana nya Jokowi palsu.,13 menit yang lalu,@IwanRidwanto-w2h,Netral
YouTube,"Dulu kalian puja2' Jokowi, skrg kalian hina2,  dsr org2 munafik",13 menit yang lalu,@AwasKamu-rx5ps,Netral
YouTube,Semoga para pembenci dibukum berat lha apakah rai ulo juga punya ijasah asli telematika coba tunjukan keseluruh rakyat indonesia pandei bicara bodoh kerja lagu kebangsaan saja gak bisa,13 menit yang lalu,@HartoSopir-u1f,Netral
YouTube,ayo mana alumni2 ugm lainnya.. tunjukkan sikap kalian,13 menit yang lalu,@EdukazeChannel,Netral
YouTube,😂 MASUUUKK..😅,13 menit yang lalu,@sadewa2096,Netral
YouTube,Dendam terpendam akan ke bawa ke liang lahat..,13 menit yang lalu,@mujionoaji5563,Netral
YouTube,assalamualaikum semua sehat selalu ya alloh pak anda sudah tidak menjabatpun masih ajah ada orang yg tasuka 😢😢😢 semoga bp Jokowi selalu sabar menghadapi orang yang zolim amin,13 menit yang lalu,@YatiNurlina,Netral
YouTube,"Yg jelas bagaimanapun aku gak percaya ijazahnya asli..
Harus uji porensik lagi..",13 menit yang lalu,@Bew0234,Netral
YouTube,Tinggal tanyain Jokowi langsung dulu tempat duduknya dimana teman temannya siapa saja KKN nya dulu dimana,13 menit yang lalu,@sochipchasan,Netral
YouTube,"Stlh ini coba minta Sby dan Prabowo tunjukan ijazah, berani ga? 😂",13 menit yang lalu,@elainechannel9441,Netral
YouTube,"Susah klo seseorang merasa dia yg paling benar,yg lain salah",14 menit yang lalu,@SaenalEnal-u5l,Netral
YouTube,"Lihat muka panci ketawanya , tapi hatinya nangis",14 menit yang lalu,@slametmamo7469,Netral
YouTube,Ini mantan mentri panci makin lama makin stress kasian keluarganya,14 menit yang lalu,@Cah_ojol_chanel,Netral
YouTube,"Untuk Kejujuran Yg Ikhlas Ridho Krn Diri Pribadi Sebagai Hamba Tuhan, Silahkan Introspeksi Dirimu Masing Masing, Seperti Apa Kejujuran Pribadi itu",14 menit yang lalu,@anomanputrowatuulo9409,Netral
YouTube,"Tidak bisa di tunjukkan Bro, takut nya nanti ada yang menganalisis dan mengevaluasi sehingga timbul masalah baru lagi 😅😂😂",14 menit yang lalu,@apatar6463,Netral
YouTube,Kamu aja yg selalu mempersalahkan.. dasar suryo sok ahli.. ahli abal-abal,14 menit yang lalu,@aabbanafa,Netral
YouTube,Pinokio oh pinokio...suatu saat Tuhan akan menunjukan kekuasaannya. Mungkin kami rakyat tidak mengetahuinya saat itu tiba tapi kalian kroni kroninya yang akan merasakannya. Time will tell....sekarang udah mulai terbuka sedikit demi sedikit.,14 menit yang lalu,@firsta444,Netral
YouTube,Si roy sakit hatinya bener2 ga ketolong😂,14 menit yang lalu,@NijukDesuy-w6g,Netral
YouTube,Biar jdi pelajaran buat para pembuat ricuh,14 menit yang lalu,@yuniarsoadinugroho8716,Netral
YouTube,"𝑱𝒍𝒔 𝒕𝒂𝒖 𝒔𝒊𝒕𝒖 𝒕𝒖𝒌𝒂𝒏𝒈 𝒇𝒊𝒕𝒏𝒂𝒉,𝒉𝒖𝒌𝒖𝒎 𝒂𝒋𝒂 𝒃𝒊𝒂𝒓 𝒈𝒌 𝒃𝒖𝒂𝒕 𝒈𝒂𝒅𝒖𝒉 𝒍𝒈",14 menit yang lalu,@M.Taher-jo6fw,Netral
YouTube,"Padahal roysuryo berharap banget ijasahnya palsu.dan akan bisa tertawa lepas dengan teman""nya",14 menit yang lalu,@ryanaja3114,Netral
YouTube,Kami sebagai Masyarakat menilai bahwa tai Roy Suryo berada di kepala seperti udang,14 menit yang lalu,@alvarido601,Netral
YouTube,Ada ac ku di rumah siapa yg ambl ya,14 menit yang lalu,@juanpammase-hf4fl,Netral
YouTube,"Uripe roy surya penuh dengki dan iri
Ngapain ngurusin orang lain
Igt akhirat smakin mendekat",14 menit yang lalu,@komenkjr1088,Netral
YouTube,Tunjukkan ke pengadilan baru ketemu masalahnya Jokowi setan,14 menit yang lalu,@fahmyabdillah8806,Netral
YouTube,ROY SURYO MUTER MUTER MULUTYA BERBUSA YG AKAN MENGHANTARKAN KE PENJARA,14 menit yang lalu,@SupriyonoPati,Netral
YouTube,"Sayangnya pernyataan UGM bhw pak jokowi pernah kuliy😊ah disana tp hanya pernyataan tanpa bukti, karena itu pak Rismon dan kawan2 tidak bisa percaya",14 menit yang lalu,@kaspiahhatta7375,Netral
YouTube,Ada ac ku di rumah siapa yg ambl ya,14 menit yang lalu,@juanpammase-hf4fl,Netral
YouTube,Hrus dipidsnakn,14 menit yang lalu,@masgambleh9369,Netral
YouTube,"RS emang tujuannya untuk mencari kesalahan ,",14 menit yang lalu,@budih2755,Netral
YouTube,"Jokowi pasti mau bohong lagi , raja pembohong",14 menit yang lalu,@RissanPasaribu,Netral
YouTube,Kalau betulenang roi suryo diangkat jadi pejabat yg paleng jujur,14 menit yang lalu,@OrbitPhone-e1w,Netral
YouTube,Negara Konoha memang lucu masalah ijazah di masalahkan . Giliran korupsi pada bungkam,14 menit yang lalu,@fanipuspitasari171,Netral
YouTube,Aneh sih lulusan UGM tp kok malu malu mau tunjukin ijazah nya???mau JD mahasiswa UGM aja ga mudah apalagi bisa lulus Di UGM. Berarti joko tidak bangga sbg lulusan UGM ya?,14 menit yang lalu,@themaster1571,Netral
YouTube,Yg benar dikunjara yg salah tertawa..ho ho ho ho....,14 menit yang lalu,@aninihayati6317,Netral
YouTube,Roy ini sudah rusak mentalnya tak punya kafasitas masih hahahehe menyebumyikan rasa malunya.,14 menit yang lalu,@triantari5570,Netral
YouTube,Ray Suryo ..itu sok ..pinter ...jend panci ...,15 menit yang lalu,@PakdeBudiman-th3kl,Netral
YouTube,"Jika sekelompok orang ada melihat seorang pencuri melakukan pencurian, lalu melapor ke masyarakat, yg seperti ini apa termasuk pencemaran nama baik??? Bolehkah pencuri itu lapor balik mereka yg menuduh. Kalau seperti ini jika melihat sesuatu yg dianggap salah ya lebih baik diamlah",1 menit yang lalu,@kaspiahhatta7375,Netral
YouTube,"Walaupun pak Jokowi menunjukkan ijasah aslinya, yakinkah roi dan kawan kawannya percaya? Pasti tetap cari cari permasslahannya. Karena orang sakit hati ada aja ulahnya. 
Penggugat blm akan diam kl belum mati dipenjara.",15 menit yang lalu,@sudihartofransiskusantoniu6301,Netral
YouTube,Jika kebohongan roy soryo muncul..maka kami harap aparat penegak hukum  proses pencemaran nama baik..pak jokowi..hukum seberat2nya.,15 menit yang lalu,@RendyMaster-mh3xf,Netral
YouTube,SDH Roy Suryo siap2 aj di salembah jualan ikan asin😁😆,15 menit yang lalu,@TinaToon-r3f,Netral
YouTube,Pitnah lebih kejam dari pada pembunuhan jadi harus di hukum mati...!,15 menit yang lalu,@WasiroKrngkng,Netral
YouTube,"Kemaren yg bilang cukup tunjukan biar gak bikin gaduh...SDH di tunjukan masih saja gak percaya,orang kalau hatinya SDH ada kebencian terhadap orang lain gak akan mudah percaya.",15 menit yang lalu,@cakzain.,Netral
YouTube,Siap² masuk lagi le. 😅,15 menit yang lalu,@aritresno5394,Netral
YouTube,"Saya sebagai masyarakat, ingin Roy Suryo dan Sengkuni amin rais,dan kroni kroni nya,di penjara, aamiin 🙏",15 menit yang lalu,@blackkobra9942,Netral
YouTube,Berubah drs ke Ir  bangsat-bangsat?,15 menit yang lalu,@Indahnadingintin,Netral
YouTube,"😂 padahal polisinya sarjana sekolah pendidikan menengah atas...
Gimana mau audit forensik ya kalo gk muncul di media",15 menit yang lalu,@merpatibalappinggiran45,Netral
YouTube,Maayarakat indonesia udah tau kalo PANCI dkk itu akan masuk boi,15 menit yang lalu,@CleaR-o3f,Netral
YouTube,Roy panci dan gerombolanya menggali kuburanya sendiri,15 menit yang lalu,@ekoalif2618,Netral
YouTube,Roy roy sok imut banget 😂😂😂,15 menit yang lalu,@muhajirsailor1293,Netral
YouTube,Masyarakat aja yg di jual barisan sakit hati ini.kapan Lo sembuh mas roy,15 menit yang lalu,@AuroraBorealis-q7k,Netral
YouTube,Mau ibu2 emangx knp klau ibu2x kacau n mmprovokasi,15 menit yang lalu,@LeoNardo-o2x,Netral
YouTube,Biar punya pendidikan tapi goblok apa untungnya dan dapat apa kalau sudah tau ijasahnya pak jokowi,15 menit yang lalu,@CikaSefiani,Netral
YouTube,"Bagi siapapun yang ingin membuktikan keaslian ijazah pejabat"" publik di negeri konoha, anda akan di pidana.
Waspadalah...
Waspadalah...",15 menit yang lalu,@anthonywijaya2606,Netral
YouTube,Jgn Ats nama masyarakat pak,15 menit yang lalu,@AnieMihaBalo,Netral
YouTube,SDM rendah,15 menit yang lalu,@AzisOhang,Netral
YouTube,Sekalipun ijazah pak jokowi ASLI..tetap ngk akan percaya bagi pembenci pak jokowi..karna hatinya pembenci sudah dihinggapi oleh iblis,15 menit yang lalu,@erwinnadifa821,Netral
YouTube,Roy Suryo Roy Suryo...otakmu ada dipantatmu,15 menit yang lalu,@alvarido601,Netral
YouTube,Kalimat nya di ubah yang tadi pasti palsu menjadi curiga.,16 menit yang lalu,@m_n1784,Netral
YouTube,Semoga hakimnya trima amplop yg tebal biar jokodok aman dr jeri besinya sama antek2nya yg dungu2 gk waras😊😊,16 menit yang lalu,@AverillErill,Netral
YouTube,Berbicara hukum dan kejujuran dari mulut seorang karuptor,16 menit yang lalu,@mosesvito322,Netral
YouTube,"Sentimen ya si RS...ibu2 dibawa, lah kalo salah atau bener ya gk peduli gender atau status...penilaian saya selaku masuarakat ini sudah benar lewat jalur hukum...biar gak brisik lama2 tp saran saya proses nya harus transparan biar yg salah atau siapa yg benar, benar2 secara adil",16 menit yang lalu,@ahmadzulalthuhroni548,Netral
YouTube,Eman sipasi kesetaraan terus baru wanita tak boleh dituntut mana logika si roy.,16 menit yang lalu,@Arnawa-zj8xe,Netral
YouTube,Asli tapi palsuu,16 menit yang lalu,@akhsop5398,Netral
YouTube,"Sebetul nya Suryo itu yg sangat bodoh 
Di indonesia kerja aj pakai ijasah 
Kecuali ngarit rumput dak pakai ijasah apalagi mau jadi presiden",16 menit yang lalu,@mustofankelana4806,Netral
YouTube,Sasaran pada UGM,16 menit yang lalu,@dogitdm3831,Netral
YouTube,Roy suryo dan tifa dll emg dr dulu benci jokowi maka mereka tetap ingin jatuhkan jokowi. Maling panci itu skit hati krn di pecat dr menteeri. Hampir semua yg menyerang jokowi itu pecatan yg sakit hati,16 menit yang lalu,@kembarsoundsystem0121,Netral
YouTube,"Roy suryo cari panggung simpati utk mencalonkan diri jadi anggota dewan lagi, sakit hati pernah di penjara jg hahaha, sudah ga laku roy suryo di kalangan partai",16 menit yang lalu,@AkarBaharmerah,Positif
YouTube,Seret semu Lok Jokowi punya izasah asli yg bikin di olok olok,16 menit yang lalu,@matkerno9937,Netral
YouTube,😂😂😂roy suryo ketawanya kayak orang yg lagi ketar ketir😂😂😂,16 menit yang lalu,@AbilMauza-p2w,Netral
YouTube,"Emangnya.pak.roi.surya.tipe.orang.yg.cari.gara.gara.dan
Suka.bikin.gaduh.indonesia..mungkin.kurang.kerjaan.kali",16 menit yang lalu,@AliSuseno-f9x,Netral
YouTube,"Memfitnah seorang Presiden berijazah palsu dimaklumkan sakti hati karena kalah berkompetisi (pilpres). Tapi selepas pensiun masih tetap difitnah itu adalah dendam pribadi untuk menghasut dgn menyebar kebohongan dan kebenciannya terhadap beliau, wajib si Roy cs menginap di hotel prodeo sepanjang akhir hidupnya
58% rakyat ayo kita berdoa",16 menit yang lalu,@ferrydamacus9389,Netral
YouTube,Tangkap aja roy suryo jangan bagi keliaran di indonesia,16 menit yang lalu,@JshukRi,Netral
YouTube,"Akan dibuka jurusan baru di ugm suka2nya muly0n0, dekannya lgsg beliau #maksabener",16 menit yang lalu,@yusufaydin5046,Netral
YouTube,Mulute Roy Suryo memang dah rusak mulut Dakjal,16 menit yang lalu,@MujA-ws2gf,Netral
YouTube,Hal remeh kayak gini di urusin,16 menit yang lalu,@caturdavid318,Netral
YouTube,roy suryo bukanya yg gak hafal Indonesia raya itu ya😅 yg pernag jadi menpora😅,16 menit yang lalu,@daniarsyahari7,Netral
YouTube,Klihatan wajah nya si Roy sudah pucat,16 menit yang lalu,@AuroraBorealis-q7k,Netral
YouTube,Pengacara tenang amat ya ga menggebu-gebu,16 menit yang lalu,@paturrahman4934,Netral
YouTube,Jokowi nya aj yg bertele tele.,16 menit yang lalu,@SahraPutri-j8f,Netral
YouTube,Senyum roy suryo senyum ketakutan,16 menit yang lalu,@taqyudinyudin6645,Netral
YouTube,Rou Suryo cuma bisa ngomong doang,16 menit yang lalu,@KadirinKadirin-ye4io,Netral
YouTube,Roy sukro siap siap 😂😂😂,16 menit yang lalu,@joeraganschannel5971,Netral
YouTube,Cuma cari² keributan doang,17 menit yang lalu,@ggofficial4411,Netral
YouTube,"Besok giliran terbukti asli dan ada yang di penjara ngeles lagi bilang ""di Kriminalisasi"".",17 menit yang lalu,@alxcgo7619,Netral
YouTube,Masyarakat Indonesia sudah pada tau RS ini lagi cari panggung,17 menit yang lalu,@budih2755,Netral
YouTube,Si roy nyinyir terus PK Jokowi kesabaran nya sudah berakhir .si Roy sok,17 menit yang lalu,@AuroraBorealis-q7k,Netral
YouTube,"negara lain sibuk perang dagang, sibuk mengatur strategi  militernya utk menjaga negara, nahh indo masih sibuk dg ijazah.....capek bgt",17 menit yang lalu,@ngegamelagi,Netral
YouTube,"Banyak orang lulusan universitas ternama tetapi TDK bisa berbuat apa2 hanya nyinyir melulu, sekarang sibuk menyalahkan pak Jokowi, orang2ini sebenarnya motifnya hanya iri hati kami masyarakat bangga kok dg pak Jokowi, semoga Tuhan mempermalukan mrk yg nyinyir.",17 menit yang lalu,@NinyomanSetiasih-t5c,Netral
YouTube,Roy lucu😂😂,17 menit yang lalu,@sukarno3172,Netral
YouTube,"Orang seperti Roy panci udah selayaknya masuk pesantren, menyusul Bambang Tri",17 menit yang lalu,@EkoGrab-p6w,Netral
YouTube,"biadab kelakuan jokowi, anak di jadi kan wapres, merubah undang2 konstitusi, menantu di jadikan wali kota, anak jadi ketua psi lalu maju di ajang pilgub jateng untung di gagalin lewat  hastag indonesia gelap, sepintar apa sih anakmu jokowi ???
pantes gak sih mereka ?
stop ya org indonesia, kalau ada pemimpin bikin pencitraan masuk gorong gorong, makan nasi di pinggir jalan, jangan mudah baper , dan jangan dianggap mereka merakyat, yg ada mereka "" nyusahin rakyat """,17 menit yang lalu,@yantiyan4103,Netral
YouTube,Siap siap Roy Suryo dgn teman teman mu ke nusa Kambangan baru kalian tau  doakan agar pak Roy Suryo dpt hukuman seumur hidup Karena mulut mu  adalah wc mu,17 menit yang lalu,@CastelloLavitta-ov8sv,Netral
YouTube,"Senyum nya Roy panci kelihatan terpaksa
Mungkin dia sdh sadar kalau ijazah bpk jokowi Asli",17 menit yang lalu,@susilohariono1305,Netral
YouTube,"Ini kategori hama / Virus dalam negri yg perlu di semprot pestisida,,",17 menit yang lalu,@Lekhan-x1n,Netral
YouTube,Yeee lapor ke institusi itu mah sama aja boong 😁,17 menit yang lalu,@Asepdeni-k9j,Netral
YouTube,ROY MAUNYA MENGELAK CARI PEMBENARAN SETELAH DILOPORKAN😂😂😂,17 menit yang lalu,@bambangsungkono8860,Netral
YouTube,Suryoo kalau memang benar harus di hukum mati semua,17 menit yang lalu,@nadiajoyanadia1992,Netral
YouTube,"Drama, coba kejar korupsi yg uang negara,",17 menit yang lalu,@alifaditya9375,Netral
YouTube,JOKOWI MANUSIA SAMPAH,17 menit yang lalu,@johnhai72,Netral
YouTube,Biar mampus Roy panci dipenjara,17 menit yang lalu,@santososantoso7278,Netral
YouTube,"menit ke 12:30  joko untuk apa menujukan pada mereka,,mereka ini siapa,, penegak hukum bukan ,,pangadilan jg bukan ...masyarakat tau klw roy suryo  cg itu hanya berdasarkan poto ijazah dr medsos ,pdhl kata telekatika masa meneliti bukan yg dr sunber aslinya untuk sebuah acuan,,,gk bermutu sekali ah",17 menit yang lalu (diedit),@edyobenk1350,Netral
YouTube,"Media gemblung apa sih perlunya roy itu , bkn siapa2 , gk usah lagi sebut nama itu gelandangan politik yg dungu .",17 menit yang lalu,@HanabangIrawan-nu7uo,Netral
YouTube,Udah roy mending jadi pengamat bokef lagi aja😂,17 menit yang lalu,@ZidanBilal-t4c,Netral
YouTube,Sanggat benci saya liat muka Roy Suryo cs kyk hebat sekali klo bnr pintar kenapa ngk mencalonkan presiden ajh jgn sok pintar yaa,17 menit yang lalu,@tonyton-s9i,Netral
YouTube,Masalah ijazah bikin gaduh. apalagi masalah ekonomi sangat bikin gaduh rakyat seindonesia. indoooo ohhhhh indoo kenapa keadaanmu beginiiiiiiiiiiiiii....,17 menit yang lalu,@BimbimPutra-x9l,Netral
YouTube,"Maksudnya apa ini, kok orang2 ini ngotot ngurusi ijazah pak jokowi, kurang kerjaan, negara sebesar ini fokus pd hal sepele, koruptor bebas dan maling negara tertawa",17 menit yang lalu,@Ragiljaya76,Netral
YouTube,Di penjarakan saja tu kurang kerajaan ❤,17 menit yang lalu,@Hasan-b3l7l,Netral
YouTube,Iya..Roy pekok mulai takut. He..he...ini harus di laporkan. Orang kok kepo dan benci.,17 menit yang lalu,@CairuSukmi,Netral
YouTube,Orang yang suka pitnah harus di jebloskan penjara sampai mati....!,17 menit yang lalu,@WasiroKrngkng,Netral
YouTube,Ijazahnya di edit 16 aprl 2025 😂,18 menit yang lalu,@ibrahimweins7232,Netral
YouTube,yang penting kerjanya mbh suryo...kl udah benci y kebaikan 100000000x y tetep benci bikin masalah aj.,18 menit yang lalu,@ARGAArab,Netral
YouTube,"bahas-bahas kriminalisasi sih roy, lah terus yang dia lakukan ke pak jokowi namanya apa anjir 🤣🤣",18 menit yang lalu,@Healing-Terus,Netral
YouTube,"Itu harusnya pihak UGM tangkat si Suryo panci lucu itu orang,",18 menit yang lalu,@heniwati2950,Netral
YouTube,Sikat roy panciii😂😂😂,18 menit yang lalu,@ipungpurwanto2635,Netral
YouTube,Bakal 3x lebaran kita aman dr hoax roy panci,18 menit yang lalu,@ookpunk,Netral
YouTube,JOKOWI TUKANG TIPU,18 menit yang lalu,@johnhai72,Netral
YouTube,"Jiaaah roy suryo framing mntn presiden laporkn ibu2,,,,😅😅😅😅😅😅",18 menit yang lalu,@tontonajavidio6540,Netral
YouTube,Km yg nuduh km yg buktiin panci suryo,18 menit yang lalu,@slametmamo7469,Netral
YouTube,"Saya setuju model pak Suharto, habisi orang2 yg suka  provokasi  dan penecah bangsa, artinya kita menghormati dan menjunjung tinggi persatuan dan kesatuan bangsa, ttp jika ada orang atau kelompok provokator dan subversi pemecah bangsa ibarat kanker ya harus dilakukan  dioperasi agar kanker tsb tidak menjalar lebih besar.",18 menit yang lalu (diedit),@edynuryanto3619,Netral
YouTube,Msh nglunjak dewa panci,18 menit yang lalu,@arifjkt9337,Netral
YouTube,Karakter jokowi aslinya nampak.. Jgn heran dulu banyk pengkritik ditahan di kasus kan. Inilah watak jokowi asli. Masalah sepele aja menuntut warganya sendiri 😂,18 menit yang lalu,@Tanca_1616,Netral
YouTube,Dia cuma ke kantor polisi doang tapi gak bawa ijasah udah ke baca suruh nunjukin ijasah ke wartawan aja gak mau,18 menit yang lalu,@Bohariari-x5m,Netral
YouTube,"Klo gk di pidanakan,, cocot nya nyocros terus😅😅😅 RS mulai cemas gk berani nyocros ijazah palsu lagi hehehe😅😅😅",18 menit yang lalu (diedit),@AlexArifin-u1h,Netral
YouTube,"Pak Jokowi pinter roy ,,,,dia tahu apa yg harus di lakukan,,,😂😂😂😂",18 menit yang lalu,@enikesnawati8603,Netral
YouTube,😂😂karna .skrang rakyat kecil aja .tau arti aspal .di karnakan opnom opnom yg kurang bertanggung jwb .,18 menit yang lalu,@AmirSidiq24,Netral
YouTube,"Makan jamur apa sih grup nya roy ini, halunya kok awet? 😂",18 menit yang lalu,@BumiUnik,Netral
YouTube,MAS ROI SENYUMMU ITU JELEK SEKALI MUAK KAMI LIHAT.,18 menit yang lalu,@ZainalWahid-r2x,Netral
YouTube,"roy ojo sebut mayrakat,yang ngotot itu orang orang km,huhhh",18 menit yang lalu,@sarifahoow6815,Netral
YouTube,"Tau nya asli dari mana, kejanggalan udh terlalu banyak, uji forensik biar semua percaya.",18 menit yang lalu,@irsab7493,Netral
YouTube,"Roy Suryo kok jadi main gender2an. Pakai kata2 biar rakyat indonesia menilai seorang mantN presiden melaporkan ibu2. Heyyyy bung, di mata hukum tdk ada memandang gender. Mau itu laki2, perempuan bahkan banci, kl sdh salah ya tetap salah. Ga ushlah anda mencari simpati dgn memainkan gender2an",18 menit yang lalu,@haditan7058,Positif
YouTube,PLIS YA TUNJUKKAN IJAZAH YG ASLI KE PUBLIK BIAR JANGAN BIKIN GADUH NGGK PENTING KAYAK GINI...KLW TIDAK DITUNJUKKAN AKAN GADUH BERLARUT LARUT...BODOH BANGET NGGK TU.BERLARUT2 NGURUSI IJAZAH NGGK JELAS ITU,18 menit yang lalu,@supparmanumar2583,Netral
YouTube,"ngapain jg tunjukin ke polisi? emang kami percaya instansi tsb? , tunjukin langsung ke masyarakat lah bodat",18 menit yang lalu (diedit),@Achilles_1986,Netral
YouTube,Roy Suryo ..knp yaa . Sprtix dia gsuka . SMA  pak jokowi,18 menit yang lalu,@AriaPratama-v6e,Netral
YouTube,dengan kasus ijazah. kasus oplosan  hilang beritanya.,18 menit yang lalu,@angonbebek1983,Netral
YouTube,Semoga pengadilan benar2 adil tdk ada kejadian spt paman usman..dan kal mengkuatirkan kerusuhan knp libation Hercules  ?? Kok pk Mafia pak ? Kan ada polisi,18 menit yang lalu (diedit),@stellykatili,Netral
YouTube,"Si roy dengan dalih membawa 2 ibu ibu biar seolah2 pihak pak jokowi tega bgt memenjarakan ibu² wkwkwk .

Nampak sudah panik si roy sebenernya cuman ya dibuat cengengesan aja biar seolah² biasa biasa aja 😅",18 menit yang lalu,@sahid_at1012,Netral
YouTube,Kenapa gak dulu dulu,18 menit yang lalu,@LindaBaru-rn5kz,Netral
YouTube,"Kalau beneran dapat di tunjukkan aslinya 
Roy dkk dipenjara seumur hidup
Tapi kalau ternyata ijazah palsu wiwi jangan di penjara cukup kembalikan uang cina yang di pinjam",18 menit yang lalu,@G...EinClass,Netral
YouTube,Roy Suryo benar asli sakit hati😅,19 menit yang lalu,@SupriyadiSupriyadi-ni5mc,Netral
YouTube,"Orang kalau udah iri dan dengki. Mau di tunjukin apapun ttep gk percaya 

Dia gk ingin kebenaran tp kehancuran pihak lawan 😅😅
Kita tunggu endingnya aja",19 menit yang lalu,@kikidarmawan6905,Netral
YouTube,Sekian lama yang punya ijazah palsu keluar karena ijazahnya sudah siap asli...hahaha,19 menit yang lalu,@andijambak8921,Netral
YouTube,Orang pintar sdh bisa liat jawapan2 si penurious panji yg muter2 ga tegas menjawap pertanyaan..ARTINYA 😂,19 menit yang lalu,@enricotaulu9698,Netral
YouTube,"hasut ujaran kebencian berkedok kajian ilmiah,,, dah lah lu takut jangan ngomong rakyat menilai atw kriminalisasi lu ja yg bego",19 menit yang lalu,@bamssky98,Netral
YouTube,"Jadi peneliti hebat itu berinovasi positif,,, bukan hanya sekedar tong kosong 😅",19 menit yang lalu,@bejochannelutomo9624,Netral
YouTube,"Anak asli, orang tua asli, dokter asli tapi akte kelahiran dituduh palsu disitu kadang gue bingung 😊😅",19 menit yang lalu (diedit),@adisuwandi3878,Netral
YouTube,Masyarakat MENILAI pemfitnah dan pencemarkan nama baik perlu dan wajib diproses biar gk terus menerus memfitnah,19 menit yang lalu,@bambangsungkono8860,Netral
YouTube,jokowi sumber masalah.😊,19 menit yang lalu,@agussalim-b9z,Netral
YouTube,"Panci dan gembel politik terlalu kepo sihh,,, bilang menghormati,, bilang kasus simpel,,, kenapa maksa suruh orang nunjukin ijazah nya,, padahal kan hak pribadi,, kenapa dari dulu waktu solo, waktu dki, dieam aja😂😂,,, manusia aneh,,, tuh udah dipengadilan siapa yg benar dan salah tinggal tunggu aja,, g usah ribut,, mending koruptor tuh urusin ga abis abis,, kalo bisa demo dpr biar hukum mati,, baru anda sekalian didukung rakyat 1000000 %",19 menit yang lalu (diedit),@Reply2,Netral
YouTube,"Negara lain udah sibuk dengan teknologi terbaru.
Indonesia masih ngurusin Ijazah...",19 menit yang lalu,@Yahyaelektrik.studio,Netral
YouTube,Tidak bisa tidur Roy Suryo CS😂😂😂,19 menit yang lalu,@riz8677,Netral
YouTube,Apa bila izasah pa jokowi asli berarti gibran lanjut jdi wslpers  dan sebalik ny apa izasah palsu gibran Legowo mundur aja jdi wslpers.. Gitu aja rakyat kecil maah pendapat nya,19 menit yang lalu,@DiditSamsudin,Netral
YouTube,"Bener kata bang roky...
Jiwa bengis di balik muka mulyono..
Masalah ijasah masalah sepele...tknggal tunjukin dan buktikan keasliannya...sesimpel itu..tapi sampe di bawa ke jalur hukum....miris",19 menit yang lalu,@firman-mp1mx,Netral
YouTube,"Pengacaa-pengacara kodok merasa hebat, merasa jumawa dilihat dari senyum dibibirnya?  Tipikal pengacara hitam?",19 menit yang lalu,@Indahnadingintin,Netral
YouTube,"Wess talah enak"" adem ayem, golek masalah aee",19 menit yang lalu,@nurilrahmadikakurniawan516,Netral
YouTube,Bacot roy suryo.. giliran dlaporin langsung sama pak jokowi. Alaibi nya lain lagi. Mantan presdien nglaporin 2 ibu_ibu.. lucu nih orang.. mulai panik mau masuk bui😂,19 menit yang lalu,@Bangmoel-m5d,Netral
YouTube,pengalihan isu😂,19 menit yang lalu,@richannel1491,Netral
YouTube,"hati"" propaganda kebencian memecah belah bangsa",19 menit yang lalu,@DjokoPurnomo-w3v,Negatif
YouTube,"Rakyat pintar sudah banyak yg tdk percaya lg sma hukum d negara kita, jangankan perkara ijazah, banyak perkara2 yg lain, yg begitu semraut, begitu mudahnya d padamkan sma mereka, benar kata pak mahmud md, dia sudah siapkan  si A si B si C nya, sebelum terjun kelapangan....",19 menit yang lalu,@Adisuhendri-r5z,Netral
YouTube,kalau urusan sepele kaya gini di persoalkan bakal ada hal2 sepele lain yang bisa di buat2 jadi masalah... pokoknya penyakit hati itu sangat berbahaya,19 menit yang lalu,@amirulrifai3611,Netral
YouTube,Setuju ..liatin aja ijazahnya clear masalah biar tdk berjilid2 mslh ini,19 menit yang lalu,@ahmadfikri3307,Positif
YouTube,"Biar gak ucap sembarangan kepada orang,pennjarakan aja pak",19 menit yang lalu,@sunardiprj7416,Netral
YouTube,Terserah kau mbacot apa Roy sukro!! Siap2 aja kau tidur di balik jeruji😂😂 kalau bisa tidur...hiahahahaha...😂😂,19 menit yang lalu,@iskandar9213,Netral
YouTube,Hati hati akan ada yang dilaporkan ke polisi bagi yang mempertanyakan surat nikah yang asli.😅😅😅😅,19 menit yang lalu,@NanoRano77,Netral
YouTube,Memfitnah tanpa konsekuensi hukum... itu maunya si sukro?? berantem aja sinih yuk,19 menit yang lalu,@BabangRipiw,Netral
YouTube,Residifis panci 😅😅 mau aja rakyat di sutradarai nya. .,19 menit yang lalu,@STORIEKIWARAS,Netral
YouTube,"Mantan presiden berhak melapor tuduhan yg ""dianggap"" tidak benar",19 menit yang lalu (diedit),@goldenrules5697,Netral
YouTube,ditunjukin ko ke polisi yang 1 kolam.. Hhhh Orang Goblok aja Juga Paham  . kong kalingkongnya.. Palsu ya Palsu ya Jokodok laknat.,19 menit yang lalu,@Nadien_J89,Netral
YouTube,"kasus besar Pertamina, MBG, Korupsi, tertutup dengan berita sampah ijazah",19 menit yang lalu,@Speedyshow94,Netral
YouTube,Gak da otak roy suryo,20 menit yang lalu,@AzisOhang,Netral
YouTube,"Ini Goblog'a Suryo. 
Kata'a Buktikan Sendiri. 
Pas Di Buktikan Ngoceh Yang Aneh2. 
Takutt yeeee",20 menit yang lalu,@DDTMancing250791,Netral
YouTube,Pakar panci kok d kasih panggung mulu menjijikan,20 menit yang lalu,@slametmamo7469,Netral
YouTube,Mari kita kawal dan dalam hal ini pengadilan lah tempat yg pas untuk mengujinya . Semoga Allah SWT memberikan jalan untuk membuka masalah ini dan akhirnya masyarakat akan kembali guyup rukun lagi,20 menit yang lalu,@yadibangrombeng11,Netral
YouTube,Simple. mana tmn angkatan jokowi.......,20 menit yang lalu,@hardfilala304,Netral
YouTube,Iyaaa suryoooo busukk hatinya sampe ngejek niruin ktawa pkjokowi,20 menit yang lalu,@defidefi655,Netral
YouTube,"Jaman wes rusak... 
Salah wae okeh pendukunge",20 menit yang lalu,@MbahKakung-hr8du,Netral
YouTube,Share akun Bazer Advokat Jokowi,20 menit yang lalu,@MuksalMina-l2g,Netral
YouTube,Terlalu nie mah!,20 menit yang lalu,@nurulfalaheretanbutam5093,Netral
YouTube,"Sekali sekali kasi pelajaran biar tahu bahwa orang diam bukan tidak berarti dia lemah tapi dia berpikir, dan mencari cara bijak memberi pelajaran pada orang dungu",20 menit yang lalu,@iwayangiriada833,Netral
YouTube,1001 % roy suryo dkk  masuk bui..,20 menit yang lalu,@dudiirawan5957,Netral
YouTube,bila tidak ingin memperkeruh suasana. dlu 2  aja .bilang yg jjr .aja lbh bgus,20 menit yang lalu,@AmirSidiq24,Netral
YouTube,Loh kok? Ada apa dengan 2 ibu? Kok RS ngomong gitu? Suka aneh aja.,20 menit yang lalu,@helenapangaribuan7623,Netral
YouTube,"hal yg sangat sepele tp berlarut larut....
astagfirulloh....",20 menit yang lalu,@SimbahDIY,Netral
YouTube,"Apapun yg dilakukan Pak Jokowi dimata para pembenc jokowi, i gerombolan Roy Suryo  pasti tetep nyinyir dan tdk pernah puas  apa yg dilakukan pak Jokowi, silahkan survey 82% masyarakat Indonesia puas dengan kepemimpinan pak Jokowi, ayo terus proses hukum",20 menit yang lalu,@fxpurwandi3625,Netral
YouTube,kumpulan wong ruwet,20 menit yang lalu,@salmanalfarisi6984,Netral
YouTube,Cengar...cengir...si Roy...😠😠,20 menit yang lalu,@ENDANGGONDRONG,Netral
YouTube,"Mas Roy, seorang Dekan hanya tunjukan foto copy dan tdk bisa tunjukan ijasah asli karena hanya satu lembar asli dan dipegang oleh Jokowi sbg pemilik. Justru penuduh hrs bisa tunjukan asli dan foto copy karena penuduh berani katakan tdk asli/ palsu karena sdh ada bukti menurut penuduh. 
Penuduh sendiri harus berani tunjukan yg asli",20 menit yang lalu,@NikodemusN.RihiHeke,Netral
YouTube,Tangkap roy itu,20 menit yang lalu (diedit),@rollyn7238,Netral
YouTube,Logika di klarifikasi ugm teman teman dan ijasah masih belom percaya..terus narasi Suryo memang mulut politik yang punya hati iri dengki seperti ini narasinya...,20 menit yang lalu,@askhanchanel,Netral
YouTube,Penjarakan aja roy s cs krn sok pinter saya melihatnya dia seorang pembenci yg sdh berkarat.,20 menit yang lalu,@sarapudinudin,Netral
YouTube,Orng2 yg mau seenaknya menuduh..saat di laoprkan mau menghindar,20 menit yang lalu,@edyson8734,Netral
YouTube,"Sebenarnya masalahnya sangat sederhana, jika Pak Jokowi menunjukkan ijazah ASLI dari awal semuanya akan terang benderang. Tidak akan ada orang yang akan curiga. 
Hanya menunjukkan saja kok repot amat.",20 menit yang lalu,@wisman9740,Netral
YouTube,Satu kata Roy Suryo cs ingin mengacaukan keluarga pak Jokowi,21 menit yang lalu,@yenianti6638,Netral
YouTube,Jika anda melibbatkan masarakat kecil.dlm jaran😢 agama islam dijelas untk tdk sibuk mengurusi urusan org lai n.dan sibuklaklah mengurusi urusan diri sendiri.masalah ini tdk membuat masarakat makmur. Bukankah ini kepentingan org 2 politik ?,21 menit yang lalu,@KusnaidiKusnaidi-f2f,Netral
YouTube,"Mendingan lu Roy Panci, bereskan dulu pekerjaan yg belum selesai, serahkan pengelolaan usaha pada yg kamu percaya, siapkan kasur kecil, alat2 mandi, alat2 ibadah....karena dalam hitungan hari sejak saat ini anda akan berada dalam rumah tahanan negara.",21 menit yang lalu,@bangtatirsof23,Netral
YouTube,Motif dan tujuan hanya dendam,21 menit yang lalu,@SoniPermana-u7i,Netral
YouTube,"Jeblosin semua , Otak Sengkuni Biar Kapoookkk 🤣🤣🤣",21 menit yang lalu,@prionopriono5483,Netral
YouTube,"BUK PEMBAWA ACARA. KALAU TERNYATA NANTI NGAK PERLU DIPERSIDANGKAN MASALAH ASLI TDKNYA IJAZAH, TRUS PENGADILAN JUSTRU MRMBAHASBTTG PENCEMARAN NAMA BAIK,BMAKA BISA SAJA IKAZAH GAK PERLU DITUNJUKKAN KAN? APA BISA MASYARAKAT TAU IJAZAH MANTAN PRESIDENNYA? ATAU NANTI DITANYA ""BUAT APA"" AKAN DIKATAI MENCARI CARI KESALAHAN? AKAN DILAPORKAN TERKAIT PENCERAN NA BAIK? MBAK PRESENTER?",21 menit yang lalu,@adhisanjaya235,Netral
YouTube,gak ad kerjaan pentingnya ap...kan y udah gak menjabat...kx masih d usik aj😅😅😅,21 menit yang lalu (diedit),@ARGAArab,Netral
YouTube,"""Fitnah lebih kejam dari pembunuhan"" , pepatah itu masih berlaku apa tidak ya?
Apa semua selesai dengan minta maaf ?",21 menit yang lalu (diedit),@mangjunsky4062,Netral
YouTube,Sebenernya mudah itu solusinya... Karena orang kuliah sekolah pasti ada saksi ada temen temen,21 menit yang lalu,@Bayu-nn7op,Netral
YouTube,"Andaikata terbukti palsu, apakah bisa uang pensiun dan pesangon ditarik kembali oleh negara? Soalnya kan berkasnya dianggap hangus. Sedangkan sistem berjalan kan harus ada berkas yg sesuai. Berkas tidak sesuai Diskualifikasi.",21 menit yang lalu,@arice302,Netral
YouTube,"Roy suryo sudah keluar masuk Penjara.
 membuktikan bukan orang bisa dipercaya",21 menit yang lalu,@Samsonchandra,Netral
YouTube,Klo bener ijazahnya ada dan asli tinggal tunjukkan gitu aja simpel jokowi aja yg bikin ribet yg jadi mslh sepele seperti ini jadi rame,21 menit yang lalu,@xedofx,Netral
YouTube,"Masyarakat anggap kamu2 golongan orng BEBAL 
KURANG KERJA. 
DATANG PANEN SAWIT DI SULAWESI KLW TIDAK ADA KERJA.",21 menit yang lalu,@FransKedang,Netral
YouTube,"Memangnya apa kapasitas mereka sehingga mengharuskan orang menunjukkan  ijazah, tidak ada kewajiban pak jokowi menunjukkan ijazah nya, kecuali bila diminta di pengadilan. Dasar orang "" ngaku pinter tapi ga jelas.",21 menit yang lalu,@friskalaurikamunthe9279,Netral
YouTube,"Ijazahnya belum diputus pengadilan....pelapor ijazah malah dilaporkan bahkan bisa jadi diputus salah....
Hurrrra😂",21 menit yang lalu,@pakpardi7580,Netral
YouTube,"Coba tanya pak jokowi siapa aj nma2 dosennya dulu, atau teman kuliahnya dulu, 😅",21 menit yang lalu,@FandyOne-p3n,Netral
YouTube,😂  kasus ini. Mudah yg salah berakhir di penjara,21 menit yang lalu,@cenderamatabali6307,Netral
YouTube,Roy roy...😅😅😅,21 menit yang lalu,@abaditradingppic-fu1do,Netral
YouTube,Yg pegang joko negara jdi dia tdk akn prn salah,21 menit yang lalu,@miatimikapapua,Netral
YouTube,Mari buka bersama biar jelas siapa yg benar,21 menit yang lalu,@MalangSel-b1e,Netral
YouTube,Ada surat perintah untuk penelitian yang dimaksud tersebut? Lembaga mana yang memerintahkan anda?  Sebab anda kelihatan seperti seorang yang tidak ingin supaya negeri ini hidup dalam suasana yang damai.,21 menit yang lalu,@VivoY-uh8oc,Netral
YouTube,Jian yg diributin gak penting bgt.padahal negara lain sdh membahas perang dagang dan ekonomi.kita malah ngurusin hal yg gak ada manfaat nya utk ekonomi rakyat,21 menit yang lalu,@dadangsetijono9118,Netral
YouTube,"Saya rakyat biasa menilai seorang roy suryo kelihatan banget dia manusia yg reseh
Saya yakin dia punya maksud tertentu... Ya allah lindungilah orang2 yg jujur.. Amin",21 menit yang lalu,@Mujiono-muji,Netral
YouTube,"Kan setimpal orang yg suka ngelapor dan menuduh ijazah jokowi palsu skrg dilapor balik,pasti dlm sidang ijazah jokowi, ijazahnya dipriksa keasliannya,jika asli kalian masuk penjara,jika palsu kalian bisa tuntut balik",22 menit yang lalu,@denisantuy9357,Netral
YouTube,"Jokowi itu mantan presiden kepala negara jdi wajar klo beliau tersinggung soal ijazah nya yg di ubek2 sama roy suryo, jdi klo beliau dah brani lapor brarti beliau benar, Siap2 roy suryo😅di prodeo,, saya juga gak stuju klo roy suryo cari panggung dengan menjelekkan presiden",22 menit yang lalu,@RizkiAkbar-h4m,Netral
YouTube,"Kenapa keraguan itu tdk muncul mulai dr Walikota Solo dl.,.😂",22 menit yang lalu,@bejochannelutomo9624,Netral
YouTube,Roy punya masalah pribadi yg berkepanjangan dgn pak Jokowi 😂😂,22 menit yang lalu,@albertusyabulandutana376,Netral
YouTube,Coba kalau berani Roy Suryo cs coba pak Prabowo Subianto tanyain sama eulu Suryo,22 menit yang lalu,@yenianti6638,Netral
YouTube,"Amat sangat disayangkan, apabila bang roy kalah dlm kasus ini, bs jd  rakyat tdk simpati lg sama bang roy",22 menit yang lalu,@UGIKGK,Netral
YouTube,"Pakar...panci mau di dengar...panci ,pompa air dan matras saja di angkut...baru mau nuduh2 pemalsuan..",22 menit yang lalu,@edyson8734,Netral
YouTube,"banyak investor yang masuk ke ikn ternyata BOHONG
mobil esemka udah dipesen 6000 unit ternyata BOHONG
selesai jabatan pengen jadi warga solo juga BOHONG
dan dari sekian banyak kebohongan kebohongan yang lain yang dilakuin sama mulyomo masih juga mau percaya perihal ijazah ini ga BOHONG juga? 😂😂😂",22 menit yang lalu,@AHS2000,Netral
YouTube,"Org klo sudah benci lihat sendal nya sajah benci, gk bakalan mengakui kebenaran..tetap dimatanya selalu salah.😂",22 menit yang lalu,@rudialesebom8864,Netral
YouTube,"mau ibu ibu mau nenek nenek...
yang bahaya itu mulutnya...",22 menit yang lalu,@sagara1918,Netral
YouTube,"Yg menuntut ijasa palsu.orang gila,berpolitik.",22 menit yang lalu,@z41n4l6,Netral
YouTube,"ijaza milik pribadi,untuk apa d koar2 kan,roisuryo goblok nya minta ampun Jokowi sama sekali GX ganggu kalian,jadi menurut saya apabila ijaza Jokowi asli,maka orang yg bikin gaduh harus d lempar ke nusakambangan",22 menit yang lalu,@jepjep9736,Netral
YouTube,"Kalo memang jujur..
Sehaeusnya sudah dari dulu2 begini..
Kalo telat sehari, 2 hari gapapa..
Tetapi ini berminggu2, bulan2, tahun2 berganti.. baru kelar sekarang..
Aneh, aneh bin aneh bin embahnya aneh..
Democrazy = dari rakyat, oleh rakyat, dan untuk rakyat..
Kalo publik mintak2 ijazah itu udah taun2 nan..
Apa yg disembunyikan.??

Masalaha nya = ketika beliau nyalon sebagai Gubernur Solo, identitas nya tertera  Insinyur..
Tetapi ketila beliau nyalon di RI1, kenapa identitas nya berganti jadi Drs..???

Detective pun kudu takluk, dgn model2 gangster beginian..",22 menit yang lalu,@belalativi4818,Netral
YouTube,"Lihatin ke media, ujiforensik dan uji karbon, ini malah lihatin ke polisi, tempat tertutup, mana ada yg Thu benar ga nya. Jgn cuma ngopi bareng 😂😂😂😂",22 menit yang lalu,@Aica12344,Netral
YouTube,Lapor ke polisi? Emang bisa di percaya?,22 menit yang lalu,@dhykisaputra1905,Netral
YouTube,Rakyat tidak ada yang mendukung Roy Panci dan Gerombolannya kecuali Kadrun pendukungnya !!!,22 menit yang lalu,@ksatriabijaksana_939,Netral
YouTube,Roy Suryo stres.,22 menit yang lalu,@andreeanwardhanaputra9964,Netral
YouTube,"Sehat sllu Bpk Jokowi. Pasti Tuhan Yang Maha Kuasa.ttp melindungi Dan mmberkati Bpk Jokowi, sdh mmimpin bgs Indonesia yg sama Kita cintai selama 2 peroode.🙏",22 menit yang lalu,@kristinasapanranda8231,Netral
YouTube,Roy Suryo ngaku2 pakar telematika coba tanyakan ijazah IT nya punya gk????,22 menit yang lalu,@pujopujo4530,Netral
YouTube,Gak sabar luhat roy s pake baju oren,22 menit yang lalu,@TukangLaundry93,Netral
YouTube,"Saya meyakini bahwa Ijazah Pak Jokowi adalah Asli, alasannya sbb :

1. Bahwa temen seangkatan dan dosen pembimbing membenarkan adanya Pak Jokowi Jokowi berkuliah dan lulus .
2. Saat kuliah Pak Jokowi bukan siapa siapa, bukan anak pejabat dan orang yang berkemampuan ekonomi yang berkecukupan untuk membeli ijazah pasti cukup mahal.
3. Sekelas UGM sebagai universitas ternama di negeri ini tidak mungkin mengadaikan reputasi nya baik kelembagaan dan para pemimpinnya.",22 menit yang lalu,@WayanmulusIskandarzulkarnain,Netral
YouTube,"Ini RS bilang melaporkan perempuan,, kl udah masalah fitnah dan mslh pidana itu, gk pandang pria/wanita, kl salah ya tetap slh, harus di adili..betul apa betul.yg se7 like",22 menit yang lalu,@erikaerika-l6w,Netral
YouTube,Iran syuriah israel yaman Iraq cina amerika ukraina rusia india pakistan. Ribut dgn bom indonesia mah simpel ribut dgn ijazah😂😂😂😂😂😂😂😂😂😂😂😂😂😂😂😂😂😂😂,22 menit yang lalu,@MasjackMasjack,Netral
YouTube,Yakin gimn? pak RS dkk ke UGM malah tambah ruwet.intinya kita doakan semoga Allah membuka semuanya apakah benar atau salah dgn konsekwensinya.Allah maha segalanya🙏,1 menit yang lalu,@appusori9240,Netral
YouTube,Roy panci iri dengki..gedek bgt lihatnya..smg kau segera membusuk di penjara roy panci ..bahaya klo berkeliaran diluar krn pemecah belah dan penyebar fitnah,22 menit yang lalu,@elyharyono1963,Netral
YouTube,Tidak ada untungnya bagi rakyat ketika Pak Jokowi menunjukkan ijazah UGM kepada Roy Suryo,22 menit yang lalu,@mardijonomardi4324,Netral
YouTube,Dasarr si royy banyak omong banyak alasann...,22 menit yang lalu,@mujitahir8055,Netral
YouTube,"Kalau gak ada unsur sakit hati dan kebencian yang berlebih-lebihan ini masalah simple,, tinggal telusuri di KPU dari pak Jokowi daftar Walikota solo sampai dua kali, cagub Jakarta dan pilpres 2014 dan 2019 kalau memang palsu, kenapa baru periode 2 jadi presiden baru di permasalahkan,,, kepintaran dikalahkan oleh kebencian,,jadi bodoh",22 menit yang lalu,@abdallahsuci780,Netral
YouTube,Mantep nih akhirnya jokowi akan duduk di persidangan 😂😂pengen denger ajaa dia akan bersaksi di depan hakim mantan presiden loh ini pertama dalam sejarah ini 😂😂seru seruu,22 menit yang lalu,@sultanhadi8205,Netral
YouTube,Aneh bgt cuma gara2 pak Jokowi ga mau nunjukkan ijazah Karena di ungkit2,22 menit yang lalu,@pasukanzetsu08,Netral
YouTube,Buka saja ..biar yg salah & benar dgn jelas….tegakkan Hukum….gak berpengaruh secara Gender,22 menit yang lalu,@tjungsubianto6405,Netral
YouTube,Alangkahbaiknya jika ijazah yg dipegang Jokowi disita bareskrim dan diteliti oleh  pemeriksa independen,22 menit yang lalu,@SyaifuddinSerang,Netral
YouTube,"Masukkan aja Roy Suryo, udah gak sabar luat dia masuk sel,dia itu benci banget sama mantan presiden Jokowi bahkan mengolok2 merendahkan pak Jokowi",23 menit yang lalu (diedit),@MbakIroh-yg5hy,Netral
YouTube,Kemarin minta di tunjukin yg asli..giliran udah di tunjukin minta di uji...nt klo udah di uji...minta tes DNa.....😅😅😅😅 Kocak...,23 menit yang lalu,@kararasngora5698,Netral
YouTube,"heran deh kenapa pada percaya sama omongan orang yang pernah terbukti korupsi seperti roy suryo, malah mau menjatuhkan orang yang sudah besar jasanya selama 10 tahun buat negara",23 menit yang lalu,@marsudihxh4735,Netral
YouTube,Roy suryo dari dulu ngebac0d kaga pernah bener tapi selalu ngerasa paling bener,23 menit yang lalu,@gilangsa1359,Netral
YouTube,"Betul tunjukin nanti dipersidangan... diteliti oleh pakar baru disimpulkan... memang waktu ditunjukkan ke polisi, ada dilakukan audit forensik...",23 menit yang lalu,@musmulyadi2959,Netral
YouTube,Roy Suryo hatimu penuh belatung.,23 menit yang lalu,@hendrarosadipurba2045,Netral
YouTube,Masarakat nellai benar pol  ROI mantap,23 menit yang lalu,@RicaNurrachmawati,Netral
YouTube,"Kalau sama2 lulusan UGM  kenapa suryobuat malu UGM, yg jelas sakit hati suryo itu",23 menit yang lalu,@Misnan-wc3wi,Netral
YouTube,Ngapain sih Roy Suryo hahaha..,23 menit yang lalu,@denysaputra4672,Positif
YouTube,Mas roi nanti kalau di priksa tlg jangan pakai penyangga leher lagi.hahaha,23 menit yang lalu,@ZainalWahid-r2x,Netral
YouTube,😂. bisa di periksa di laboratorium enggak tuh ijasah nya 😂😂😂,23 menit yang lalu,@romidani6217,Netral
YouTube,Roy suryo harus di penjara karena telah melakukan ujaran kebencian..,23 menit yang lalu,@pauluspinyuh6832,Netral
YouTube,"Kalau saya ini diminta tunjukan ijazah saya asli atau tidak. 
Maka saya akan tunjukan kepada wartawan dan semua orang. Simple saja karena saya punya ijazah asli. 
Kalau tidak asli, ya saya akan cari pengacara, masa, dll. Buat bela saya.
Itu kalau saya ya..",23 menit yang lalu,@yudayouth408,Netral
YouTube,Pak Suryo udah mulai deg degan,23 menit yang lalu,@endintxendintx,Netral
YouTube,PAK JOKOWI CALON PRESIDEN LAGI AJA 1000% MENANG,23 menit yang lalu,@Morsimamora-i2m,Netral
YouTube,Klo melihat dari masalah gerombolan sakit hati yang harus di hukum yang bisanya membuat gaduh masarakat,23 menit yang lalu,@IwanCanel-r8t,Netral
YouTube,Si Roy itu yg harusnya dipenjarakan...karena jelas si ni orang yg bikin gaduh.,23 menit yang lalu,@andriirawan6171,Netral
YouTube,Roy nyari apa sih ?,23 menit yang lalu,@kimayaagatha7845,Netral
YouTube,Makanya kau jgn sombong RS justru kau yg bikin gaduh slma ini...smoga kau penjara seumur hidup,23 menit yang lalu,@wiliusjackson7062,Netral
YouTube,"PADAHAL BANG SURYO INI DAN YG LAIN LAIN PERNAH BILANG KALAU IJAZAHNYA BENERAN ASLI TUNJUKAN,, UDH KELAAR,, KALAU EMANG ASLI KAMI SIAP MASUK PNJARA, KARNA SUDAH MENFITNAH MULYONO",23 menit yang lalu,@dekanovandy9719,Netral
YouTube,Sy yakin klo Suryo itu benar memang ijazahnya Jokowi palsu.tp di sini kembali lagi kepada finansial.sy percaya dgn segala cara apapun di tempuh untuk memenangkan Jokowi Krn klo NNT terbukti ijazah palsu apa kata dunia.,23 menit yang lalu,@junaediliswati8753,Netral
YouTube,Roy Suryo si pembuat ONAR penjarakan kurang kerjaan bukan mencerdaskan bangsa tapi bikin bikin panik huru hara dan gaduh..,23 menit yang lalu,@salonfamilyfamily5507,Netral
YouTube,"Wkwkwkw, Roy Suryo adalah tokoh Penipu. Karena Roy Suryo Adalah memiliki pengalaman Napi, jadi dia salah satu tokoh Busuk.",23 menit yang lalu,@BOSSNOM-u4w,Netral
YouTube,saya pendukung pak jokowi. Saya juga islam,23 menit yang lalu,@andreasgunawan7971,Netral
YouTube,"saya masih berpegang teguh pada ilmu pengetahuan ,teknologi jangan kan ugm hakim aja bsa korup😊",23 menit yang lalu,@mhabibi35,Netral
YouTube,"Jokowi tidak ingin masalah ini GAMPANG, mengikuti tuntutan mereka TUNJUKKAN iIJAZAH TERUS SELESAI. Oh tidak semudah itu ferguso!! Pak Jokowi sengaja melanjutkan ke jalur hukum itu tujuannya agar yang asal menuduh dihukum penjara. Soal menunjukkan ijazah asli didepan hakim, para ahli, dan para awak media itu soal gampang nanti diruang sidang.",23 menit yang lalu,@zyecx,Netral
YouTube,Masyarakat tahu ahli telematika masuk penjara aseekkk,23 menit yang lalu,@rachmadfitriyanto9035,Netral
YouTube,Penghujat yg masyarakat lihat,23 menit yang lalu,@ujangkepahiang2358,Netral
YouTube,"Cino wis ngawe matahari ,indonesia ribet ijazah 85🤣",23 menit yang lalu,@arieldudung9576,Netral
YouTube,"Mw ibu"" at BPK"" ...😂. Yg nmx salah hrs d hukum..",23 menit yang lalu,@bejochannelutomo9624,Netral
YouTube,Pak jokowi bgs .otak lu aja roy cs yg kongslet .,23 menit yang lalu,@refitea1899,Netral
YouTube,"Masarakat yng melapor, itu masarakat yng sogo uang, ingin merusak kluarga bpk jokowi",23 menit yang lalu,@ALIABUBEKAR,Netral
YouTube,"ROY SURYO, BOTOL, NITIZEN JANGAN PERCAYA DENGAN ILMU IT NYA",24 menit yang lalu,@yoseffransesko5067,Netral
YouTube,Bilang aja takut d penjara cukkkk.. Roy suryo,24 menit yang lalu,@prasojojokoprihadi1818,Netral
YouTube,"Emang rakyata ga ada yg curiga? Kalo emang ada mah harusnya dari awal banget ditunjukin... Kenapa tunggu kisruh baru keluar tuh ijazah, apa baru jadi?",24 menit yang lalu,@STLE1988,Netral
YouTube,Fitnah lebih kejam dari pembunuhan.....,24 menit yang lalu,@kosasihkusmita2619,Netral
YouTube,Berani  berbuat  berani  tangung  jawap . Saya  percaya  sama  pak  jokowi  .,24 menit yang lalu,@emelianaemeliana959,Netral
YouTube,SURYO TIM PEMBUAT NASI TIM UNTK YG SAKIT DI TAHUN 2024,24 menit yang lalu,@AuliaKid,Netral
YouTube,Si royyy bikin biang kerok aja,24 menit yang lalu,@ErikTan-h5t,Netral
YouTube,Knp di undur2 memperlihatkan nunggu di cetak dulu 😅😂 selama ada uang cash apapun bisa di beli,24 menit yang lalu,@rezawidhayaka9961,Netral
YouTube,seru nich. liat mantan. untung gw udah move on ah 😂😂😂😂,24 menit yang lalu,@naiffa7612,Netral
YouTube,Jangan membawa2 masyarakat dalam kepentingan pribadimu pak,24 menit yang lalu,@antonsally8151,Netral
YouTube,Roy Suryo cs segera di hukum berat ini antek antek sia memang pantas tukang pitnah di belakangnya ingin menghancurkan keluarga pak Jokowi,24 menit yang lalu,@yenianti6638,Netral
YouTube,Bikin gaduh dri awal az tunjukin hadeeeuh pusing mikirin negara ini,24 menit yang lalu,@heriarifah1636,Netral
YouTube,"Lah orang kuliah kan ga sendiri yah pasti ada teman se almamater sekampus juga ,kalo ga masih percaya yah yg goblok siapa yah",24 menit yang lalu,@ArjunArjun-ko4zy,Netral
YouTube,"siapaun yang kuliah kan pasti punya temen kuliah, masa dia di kelas sendirian? tanya aja temen kuliahnya.
1. benar kuliah disana?
2. angkatan berapa?
3. jurusan apa?
4. beres ga kuliahnya?
5. dll",24 menit yang lalu,@ZanesArchitecture,Netral
YouTube,Lah kl ibu2 nya g mulutnya dower ya g dipenjarain SM jokowi,24 menit yang lalu,@IrmaDian-x3q,Netral
YouTube,semoga terbongkar kebohongan,24 menit yang lalu,@paisal1515,Netral
YouTube,Ketir2 mau dipidanakan,24 menit yang lalu,@yboychanel5388,Netral
YouTube,Moga benar biar tidak gaduh,25 menit yang lalu,@ramlannst-d1s,Netral
YouTube,"😂😂😂 yg kepo siapa yg laporkan siapa..masyarakat mau maunya ikut campur. Kerja woi kerja ga penting ngurusi beginian
.mau siapa pun presiden pasti ada jelek buruk nya😂",25 menit yang lalu,@peternakcilik_85,Netral
YouTube,ROISURYO INI MERESAHKAN MASYARAKAT INDONESIA.,25 menit yang lalu,@mChristy477,Netral
YouTube,goblok.. roy suryo dkk masuk jebakan.. wkwkwkwkwkw,25 menit yang lalu,@issacyber,Netral
YouTube,"Trus kenapa ibu""? Kalau ibu"" ini salah ya boleh lah tetap di proses",25 menit yang lalu,@ataamooy7836,Netral
YouTube,"Si pembenci ini sampai kpn pun gk kan sadar dan insaf jika blm terlaksana tujuanya. itu watak .
ALLAH SWT bersama org yg sabarrrrrrr.",25 menit yang lalu (diedit),@adjidarmawan3163,Netral
YouTube,"Artinya kalian benci pa jokowi, kenapa waktu pajokowi bupati kalian tidak laporkan ijasa palsu  sekarang suda ri 1 lewat daruafaisu ijasa palsu ,, tidak ada.kata hukum melihat status manusia,,, dandisini kalian suda masuk prangkap politik,  hukum berlaku siapapundia",25 menit yang lalu,@nmonmo6680,Netral
YouTube,"Yang jelas RS dongkol karena dipenjara kasus gambar stupa wajah jokowi, waktu itu ngeles sakit leher tapi pas ada acara club mercy bisa tertawa ngakak, minta kejujuran orang dia saja bohong dengan alasan sakit",25 menit yang lalu,@Jhon_ck,Netral
YouTube,Tinggal tunjukin asli nya klo memang ada beres semua gk bkin gaduh..seperti pengalihan isu,25 menit yang lalu,@muhammadyaminnasution8023,Netral
YouTube,Sampai matipun jokowi gak akan tunjukkan ijazah aslinya,25 menit yang lalu,@dulfatahsarkum1370,Netral
YouTube,Lambe germo roysuryo...lanang lambe wedok...  Lambe tempel,25 menit yang lalu,@FarahZea,Netral
YouTube,"Mestinya bersikap dewasa....dan negarawan....
Tunjukkan.... selesai tdk ribet seperti ini....",25 menit yang lalu,@anifkodrikodri5936,Netral
YouTube,Hukum roy suryo seberat2 nya,25 menit yang lalu,@andririzal9559,Netral
YouTube,"Cocot mu Roy panci ,,kaw bilang masyarakat biar tahu mantan presiden memenjarakan 2 ibu2,ibu Kurnia dan ibu tifa"" panci panci ,,ibu ibu tp buat fitnah buat kegaduhan buat pemecah belah bangsa pantas ditindak lanjuti dg pidana",25 menit yang lalu,@Samsudin-mz2jj,Netral
YouTube,Suryo ini cari panggung terus dia takut redup dan takut gak makan,25 menit yang lalu,@arissetiawan-z1f,Netral
YouTube,"Roi profokator ingin menjatu bpk jokowi,biar bagai mn pun,masarakat syg jokowi, bpk jokowi yng membuat negara maju",25 menit yang lalu,@ALIABUBEKAR,Netral
YouTube,KENAPA HARUS SIMPEL NGA  BERTELE2  TINGAL TUNJUKAN PAK PENGACARA,25 menit yang lalu,@yenipondok,Netral
YouTube,"menghalalkan segala cara untuk menyingkirkan kebenaran dan  menybarkan kebencian, ya alloh semoga alloh sllu melindungi pak jokowi sekeluarga,roy suryo percayalah saatnya akan tiba kau akan membusuk di penjara.",25 menit yang lalu,@santyshu123,Netral
YouTube,Roy Suryo bentuk DAJJAL NYATA,25 menit yang lalu,@RasdanWie,Netral
YouTube,Pintar ngeles ya bung roy,25 menit yang lalu,@mohamadamin5235,Netral
YouTube,"Ngomongmu asal bunyi, kamu fitnah org seenak udelmu, giliran org balik lapor dianggap bukan negara, dasar pakar panci",25 menit yang lalu,@MarselAngi-m7e,Netral
YouTube,"itu panggil dosen UGM yg mengajar pada tahun itu, mereka yg tau sebenarnya cerita ijazah palsu atau tidaknya!",25 menit yang lalu,@orangsholehduniaakhirat,Netral
YouTube,"Pembungkaman pie to Mba, ndee sing ngoyak ngeyel, supaya Bapake melapor , Sira ku dadi kincir angin Mbakyu 😮",25 menit yang lalu,@RossHelena-s5o,Netral
YouTube,Mencari kesalahan adalah awal kesalahan,25 menit yang lalu,@PutriEpi,Netral
YouTube,Semoga semua bisa lebih bijaksana,25 menit yang lalu,@RusminahAlepo,Netral
YouTube,"Sebenarnya pihak2 yg suka mencari cari salah seseorang itu adalah orang yg iri hati. padahal semua telah berakhir bahkan dunia telah menerima Pak Jokowi dengan semua yg dilakukan baik untuk Indonesia  bahkan untuk dunia itu sudah terbukti dan teruji apa lagi yg jadi masalahnya. Sudah selesai.,",25 menit yang lalu,@jonrichpattikawa6186,Netral
YouTube,Cie mulai takut,25 menit yang lalu,@ucusyuhadachannel,Netral
YouTube,Masyarakat yang mana roy😂,25 menit yang lalu,@wahyuandi5823,Netral
YouTube,"buat membuktikan ijazah itu cukup simpel  sebenarnya klo mau yang gampang ajak ketemu dan tunjukkan, klo khawatiran takut di apa apain ijazah nya panggil yang menguji dengan pemilik ijazah bikin kesepakatan didepan notaris agar tidak disalahgunakan, SELESAI",25 menit yang lalu (diedit),@Bot-dr8wd,Netral
YouTube,Apa si untung dan ruginya buat para pembenci,25 menit yang lalu,@putradarmawan-h7y,Netral
YouTube,Roy panci tetap curiga krn blm puas di kerangkeng..,25 menit yang lalu,@Spyh74,Netral
YouTube,Emang presiden sebelum2 nya pada nunjukin ijazah enggak kan kayaknya...sekarang aja yg aneh ...😂😂😂,25 menit yang lalu,@rizkysitisuryani3681,Netral
YouTube,"mana mungkin asli, itupun kalau yang nanganin netral😂😂
kalau dia punya ijazah udah sejak dulu dia tunjukkan di pengadilan, tapi nyatanya cuma poto copy lalu penjarakan orang tanpa bukti yang kuat.😅😅",25 menit yang lalu,@ToolkitSimpanan,Netral
YouTube,"ini yg ga bisa buat Indonesia maju,, negara China dll,sibuk menggunakan otak nya buat majukan negara nya,,di Indonesia malah krn ijazah yang di sibuk in,, sampai otak mereka penuh dengan saling menjatuhkan,,😅😅 miskin negara ini",25 menit yang lalu,@hudadari4480,Netral
YouTube,Rabies ni orang..panci!!,26 menit yang lalu,@YatiNurhayati-hz2xp,Netral
YouTube,"ROY SURYO MAKIN NUNJUKIN KESOMBONGAN NYA ITU SUNGGUH2 SANGAT KEJI PENGHINAAN MERASA KLO CUMA DIA YG BISA NYEKOLAHIN ANAK
KALO SAYA BILANG BENER2 IBKSSSS",26 menit yang lalu,@RasdanWie,Netral
YouTube,"Ngurusin ijazah org.. mending nyari duit, anak perlu makan",26 menit yang lalu,@willyfrandika5604,Netral
YouTube,😂😂 udah diaturr ..yg namanya ..polisi..hakim ..jaksa...saksi...😂😂...parrahh...,26 menit yang lalu,@CamarPhone-p8m,Netral
YouTube,"KETAKUTAN KAU MAKA KAU BLGLAH IBU2 JUGA DILAPORIN...DIMATA HUKAN MAU BAPAK2, IBU BAHKAN TRANGENDER SAMA AJA...JIKA MELANGGAR HUKUM..",26 menit yang lalu,@petrisinaga6965,Netral
YouTube,Di penjara kan saja para terlapor itu.,26 menit yang lalu,@Rokoktetmahal,Netral
YouTube,Suryo makanya jadi orang jng punya hati busuk,26 menit yang lalu,@prabusiliwangi1750,Netral
YouTube,Singkirkan pengkiatan negeri NNKRI,26 menit yang lalu,@ArcaTop,Netral
YouTube,Ya udah pengadilan saja yg menentukan. Kok ribet banget kayak tidak ada saja masalah lain yg lebih penting lagi di negri ini.,26 menit yang lalu,@maskari745,Netral
YouTube,"Ibuk "" Itu    goblok    kok",26 menit yang lalu,@purnomopak1848,Netral
YouTube,"Salah satu pertimbangan hakim dalam keputusan adalah barang bukti dan saksi. Pak Jokowi lulus UGM terhitung blum lama. Temen2nya masih  banyak yg masih hidup dan bersaksi. Inilah yg dikesampingkan. Politikus dimanaa ma na akan menyerang dari  data yg ngga jelas dan ngga urgent. Roy Suryo udah pernah dipenjara, klo dia kalah di pengadilan dia udah tahu paling berapa hukumannya. Sementara syarat skripsi harus begini harus begitu itu diluar konteks ijazah palsu apa ngga.",26 menit yang lalu,@Rey-d6e,Netral
YouTube,Biar busuk di penjara Roy Suryo cs di penjara sampai keluar ekornya,26 menit yang lalu,@didissungkono503,Netral
YouTube,Pak Jokowi engkau sdh menghebohkan Indonesia hanya sikapmu yg tdk menunjukkan ijazahmu.Pantas asumsi orang curiga kpdmu. Memalukan di manakah sikap negarawan mu.,26 menit yang lalu,@matiasonolimbu4482,Netral
YouTube,fungsi roy sukro buat negara itu apasih?,26 menit yang lalu,@fajaradinugroho337,Netral
YouTube,Rifai itu juga cari uang buat menghidupi keluarganya biar makan uang haram nanti ada azabnya dendiri .,26 menit yang lalu,@BuSukarti-q3z,Netral
YouTube,"Izin nanya dong, ini kenapa ya emangnya, izajahnya penting banget kah?",26 menit yang lalu,@ivantanaka5718,Netral
YouTube,Presiden preman...wong temennya preman...ngomongnya sederhana coba dikasi tunjuk dari dulu gak ada kegaduhan...,26 menit yang lalu,@Capten777,Netral
YouTube,"Yg hrs membuktikan itu yg menuduh,klo dia berhasil membuktikan maka tertuduh bs dikasuskan. Tp klo tdk terbukti yg menuduh bs dikasuskan. Begitulah sehrsnya prosesnya.",26 menit yang lalu,@vandierry6315,Netral
YouTube,"Kok ada yang aneh pernyataan lawyernya
 ""jokowi meyakini betul bahwa ijasah asli "" Biasanya kalau yang  kuliah dan lulus  gak mungkin berkata seperti ini",26 menit yang lalu,@ImanSurveyor,Netral
YouTube,Si roy lg panik.......😂,26 menit yang lalu,@mohammadtaufiq8580,Netral
YouTube,Cangkemmu diatur Roy,26 menit yang lalu,@SutiYono-m1p,Netral
YouTube,"Ini sok sok an 
Pak surio pak surio",26 menit yang lalu,@silvestergenggong6186,Netral
YouTube,Pentingnya apa.....,26 menit yang lalu,@arissetiawan-z1f,Netral
YouTube,harusnya dia ditangkap waktu melapor di POLDA   hhhhrrrgggttyhhh,26 menit yang lalu,@tongamsiregar4145,Netral
YouTube,"aneh beud dah perihal ijasah ajah jokowi ribet... kalau bener tunjukkan..benar tidak benar kan bisa dibuktikan dengan uji ilmiah... ilmunya ada alatnya ada takut kena fitnah tapi takut nunjukkin... 
dasar Pinokio ngejabat 10 tahun dampak. kerusakannya dah kayak 100 tahun",26 menit yang lalu,@tariputri5050,Netral
YouTube,Roy suryo juga ada benarnya,26 menit yang lalu,@jarotjarot2914,Netral
YouTube,"waktu nyh mau dipidanakan,,,,panik,,,,😂",27 menit yang lalu,@sukarajinchannel4915,Netral
YouTube,Roy soryo sudah nyidam penjara,27 menit yang lalu,@AbilMustofa-u8p1x,Netral
YouTube,"Jokowi👎,,suharto👍",27 menit yang lalu,@hermawanwidihanto3027,Netral
YouTube,Bener logikanya harus gini bang. Ini yg menuduh maksa maksa buat tertuduh memperlihatkan ijazahnya. 😂,1 menit yang lalu,@BillProject298,Netral
YouTube,"Kita udah tahu hasilnya siapa yang akan masuk penjara, tapi si pak Roy ini hidup seperti Larry mencoba menghancurkan dinding yang tebal, sampai sampai pak Mulyono datang sendiri ke polisi",27 menit yang lalu,@feryoktavian9579,Netral
YouTube,"Roy itu aslinya pekok,tor gooblok , kalau yang asli Yo dibawa yg punya",27 menit yang lalu,@kusmaryantoto460,Netral
YouTube,"pada ngeributan apa siiihh? bung Roy apa gak ada kerjaan yg lbh besar manfaatnya bg masyarakat selain urusan ijasah, yg penting itu kerja nyata utk masyarakat, jgn cuma bikin gaduh yg gak jelas",27 menit yang lalu (diedit),@Reno8Reno8-te8ly,Netral
YouTube,"Salahnya ente menviralkan otomatis pak jokowi jd di goreng terus ,sekarang udh kebukti real eh la kok malah kearah playing victim kan kampreet antek"" nya 😂",27 menit yang lalu (diedit),@septantoteguhnugroho1977,Positif
YouTube,Di uji dulu.  Oleh yg independen... Kalau benar baru penjarakan karena buat gaduh.... Yg buat rakyat curiga.. karena awal drs kok berubah jadi insinyur,27 menit yang lalu (diedit),@saifulbahriali6325,Netral
YouTube,Advokat sebut Pak Jokowi sudah bukan sebagai penguasa. Sejak kapan rakyat dikuasai seorang Jokowi? 😂,27 menit yang lalu,@ahamoment,Netral
YouTube,"Kelitan takut tuh terlapor,
Kalo udh urusan hukum gak usah bawa bawa rakyat ya,
Buat manusia cerdas, kalo ijasa atau KTP itu prifasi ya",27 menit yang lalu,@AbdulRozi-xt7fi,Netral
YouTube,"Ga mungkin lulusan UGM
Masa ia lulusan UGM SEGOGLOG itu",27 menit yang lalu,@mahyamabusy,Netral
YouTube,apa urusan ibu2..kalo salah fitnah ya hadapi,27 menit yang lalu,@gandaroni3642,Netral
YouTube,"Ap jg untungx cari th hak orang, ap SDH mrs hebat,.. sok hebat tak pernah jg berbuat ut rakyat..lucu,.",27 menit yang lalu,@bejochannelutomo9624,Netral
YouTube,Grombomlan Tifa pantas untuk di penjarah rakyat sangat bersyukur....,27 menit yang lalu,@hanantopambudi2884,Netral
YouTube,Seorang mantan presiden. Mempidanakan 2 orang ibu2. Gimana menurutmu.? 😅,27 menit yang lalu,@AzfanAhasan,Netral
YouTube,Sehatkanlah orang orang baik yang sedang berjuang untuk keadilan dimanapun berada...,27 menit yang lalu,@Alashati_official,Netral
YouTube,yg kredibel memeriksa keaslian ijasah itu pihak ugm ... krn pihak ugm lah yg mengeluarkan ijasah ...,27 menit yang lalu,@rizumakerart4118,Netral
YouTube,Roy suryo buat gaduh ajj,27 menit yang lalu,@EkaPutra-w9l,Netral
YouTube,"Terus gunanya apa nunjukin ijasah ? Aneh , 
Motivasinya ituu apa ? Jawabnya apa ? Yaa apa susahnya nunjukin ijasah didepan umum ,, nahh iya motivasinya itu apa jawabannya apa ? Kan anehh",27 menit yang lalu,@ronyhh2926,Netral
YouTube,"Mampus kau Roy, kau terlalu jahat, mampuss",27 menit yang lalu,@Yusran386,Netral
YouTube,Muak muak muak,27 menit yang lalu,@AlhuDri-g6x,Netral
YouTube,Pak jokowi gausah urusin sudah pak orang yang mempersalahkan bapak...udah  jadi rakyat biasa ko,27 menit yang lalu,@AlviansyahNy,Netral
YouTube,Katanya negara kita itu negara demokrasi tp kita d pertontonkan seorang yg berani mencari kebenaran dan harus berurusan dengan hukum makanya saya sebagai masyarakat kelas bawah lebih baik diam saja ketika melihat ketidak Adilan d negara ini😢,27 menit yang lalu,@robbyarglen1871,Netral
YouTube,Roy Drengesss..,27 menit yang lalu,@Faiz-v9t,Netral
YouTube,😂😂kek gini aja ceritanya konoha😂,28 menit yang lalu,@Chocollate_latte92,Netral
YouTube,Yg bilang palsu...dongo. Sesuai bayaran,28 menit yang lalu,@msuffianumar4189,Netral
YouTube,Semoga sipenipu ijazah palsu segera hukum mati,28 menit yang lalu,@aidisalas3513,Netral
YouTube,"Lagian kok aneh niih Roy Suryo, org ada fotony wisuda dg teman2 ny gak mungkin ijazah palsu, pikirannya d mana? Lagian ijazah milik pribadi kok mau d tunjuk2 an, giliran d tangkap menunduk",28 menit yang lalu,@ditaningrum7657,Netral
YouTube,Si Roy Suryo nyari panggung terus..sampai persoalan sepele jadi keru demi nampang...konyol ..,28 menit yang lalu,@viverdymema6882,Netral
YouTube,Lucu banget kata katamu Roy Roy mantan presiden pidanakan 2 ibu* . Guwoblok,28 menit yang lalu,@NingSih-w4s,Netral
YouTube,"Dari pertama kasus ini di buka
Ga ada tu yg namanya transparan dan terbuka dari pemilik ijazah, malah kesannya kebanyakan alasan dan mengulur ulur waktu

Apa mungkin ijazahnya di bawa ke bengkel dulu ya, jadi butuh waktu😅",28 menit yang lalu (diedit),@andriastriono6004,Netral
YouTube,"Kalau memang benar izajah palsu ngaku aja, biarin di sidang untuk memastikan keaslian nya, kenapa harus takut dan melapor balik, ini kan semakin kuat keyakinan masyarakat gitu pak",28 menit yang lalu,@AlhuDri-g6x,Netral
YouTube,Penjarakan kelompok Roi suryo,28 menit yang lalu,@yudisizakoto2820,Netral
YouTube,"China udah buat robot, indonesia masi sibuk urusin ijazah 😂",28 menit yang lalu,@muhammadichsan8238,Netral
YouTube,"Ijazah asli atau engga nya itu lihat saja hasil kinerjanya. 
Pemimpin yg benar-benar berpendidikan tinggi segala sesuatu kebijakannya pasti akan di rencanakan secara matang dan tidak terburu "" . Menyelesaikan masalah kemiskinan dan kesenjangan sosian bukan dengan bansos tapi dg pemikiran pemikiran yg akademis dan keputusan kebijakan yg pro rakyat kecil",28 menit yang lalu (diedit),@danir5259,Netral
YouTube,roy suryo itu dari dulu  mulutnya itu loh penyebar hoaks sudah melekat dan abadi. heran ga berubah berubah itu orang selalu menyebar fitnah. y lebih heran jejak digital dia dr dulu y tukang fitnah masih di percaya dan di yakini orang indonesia 😂,28 menit yang lalu,@michuwils,Netral
YouTube,Nusakambangan menunggumu bung roy dkk 😅,28 menit yang lalu,@DadangIskandar-n8l,Netral
YouTube,Yang Mempermasalahkan Cuman Gerombolan Kadrun sedangkan Rakyat tidak mempermasalahkan Ijazah Pak Jokowi Asli ataupun Palsu !!!???,28 menit yang lalu (diedit),@ksatriabijaksana_939,Netral
YouTube,"Omong Kosong...
Seandainya pun dari Awal di Tunjukkan Bukti Ijazah Asli Pak Jokowi..Kalean Tetap Akan Bilang itu Palsu.. Karena isi Otak Kalean Hanyalah Sakit Hati Dendam dan Kebencian..
Tujuan Utama Kalian Adalah Membatalkan Semua Putusan Aturan Kebijakan Kepres yang diBuat Mantan Presiden Bapak Jokowi yang Kalian Anggap Telah Menghalangi atau Menggagalkan Tujuan Utama Kepentingan Kelompok Kalean..",28 menit yang lalu,@mingargosanto7545,Netral
YouTube,Roi Makan tak enak tidur tak nuenyak😀😀😀😀,28 menit yang lalu,@NanangWidiarto-d1d,Netral
YouTube,Roy soryo no 1 langsung di kecrek di brogol di penjarajan biar kapok,28 menit yang lalu,@AbilMustofa-u8p1x,Netral
YouTube,Roy Surya bentar lagi Roy Gelap,28 menit yang lalu,@florenciomariovieira8162,Netral
YouTube,"Masyarakat memaksa masyarakat itu tidak diperbolehkan. Harus hukum yang memaksa masyarakat. Masyarakat yang memaksa itu namanya main hakim sendiri. 

Harusnya kasus ini segera dibawa pengadilan dan diberi putusan hukum sehingga tidak menjadi politis dan membawa kegaduhan.

Masyarakat kita itu sedang sakit, tidak percaya hukum sehingga inginnya diselesaikan diluarhukum, bahkan yang terbaru kasus Gibran sebagai wapres yang nyata-nyata sah secara hukum pun ingin digugat bahkan menganggap keputusan MK itu dianggap salah...lhah???

Jujur hukum pun memang belum 100 persen membawa keadilan tetapi tetap harus ditaati. Karena tanpa taat, negara ini sudah akan gagal. Semua masyarakat merasa menjadi korban, semua masyarakat merasa menjadi yang berhak, nah kalo begini bisa dibayangkan tanpa hukum, bisa kacau.",28 menit yang lalu,@adisutrisno9653,Positif
YouTube,"PENGACARA JOKOWI KAN SARJANA HUKUM, KASIH LIHAT MEREKA SKRIPSI NYA JOKOWI DAN TANYA PENDAPAT MEREKA TENTANG SKRIPSI ITU.
SAYA JAMIN JAWABANNYA PASTI ""NANTI UJI DI PENGADILAN""
PARA AKADEMISI YANG PRO JOKOWI PUN SAYA YAKIN TIDAK AKAN MEMPERTARUHKAN REPUTASI NYA DEMI MEMBENARKAN SKRIPSI YANG DIBERIKAN UGM ITU LAYAK UNTUK DILULUSKAN.
KAWAL",28 menit yang lalu,@Bot-dr8wd,Netral
YouTube,orang macam Roy perlu di jebloskan ke penjara muka panci..ya tau pa Jokowi orang baik..ga kaya mulut panci,28 menit yang lalu,@hartono8790,Netral
YouTube,penjarakan saja Orang2 ini,28 menit yang lalu,@Imjonchanel,Netral
YouTube,"Sidangnya nanti harus terbuka untuk umum dan live dari tv, biar masyarakat luas bisa memantau kasus ini...",28 menit yang lalu,@rusdisaleh1755,Positif
YouTube,Inilah moment pembuktian ASLI & PALSU IJAZAH jkw itu,29 menit yang lalu,@rumahpanas,Netral
YouTube,"Kalo mau uji boleh,tp roy suryo blunder dengan melaporkan palsu...pdhal belum ada keputusan asli apa palsu,kalo sekedar uji boleh tp tanpa lapor2 dlu lah roy....
Skrng dilapor balik ,kalah mekanik 😂😂",29 menit yang lalu,@42urichanel28,Netral
YouTube,"Heee maling panci, jgn bawa2 masyarakat. Klian itu iblis jgn bw2 masyarakat",29 menit yang lalu,@kembarsoundsystem0121,Netral
YouTube,panci  asli atau palsu  bung tairoy,29 menit yang lalu,@ALung-hw8oy,Netral
YouTube,"Polisi yg rapat di rmh jokowi dalan rangka apa ya,,padahal jokowi ngk presiden lg kan",29 menit yang lalu,@teddy-ff3xu,Netral
YouTube,maka nya jangan berasumsi KL ga tau hal yg sebenar nya,29 menit yang lalu,@aliahwardi5872,Netral
YouTube,"Bau sekali mulutnya,,,hidupnya pasti lama",29 menit yang lalu,@andreashimawan,Netral
YouTube,Biar tau & berhenti jadi provikator bagus tuh gak ada yang salah Pak Jokowi,29 menit yang lalu,@MohMasUdiUdik,Netral
YouTube,"Suryo,,,Apa si tujuan nmu",29 menit yang lalu,@supriyadi2512,Netral
YouTube,Cek lagi di buku wisuda setiap angkatan,29 menit yang lalu,@SantosoSantoso-b1m,Netral
YouTube,Biasalah... Gerombolan org sakit hati sll hasut n licik...,29 menit yang lalu,@jokolodang1145,Netral
YouTube,"ORANG KALO UDAH IRI DENGKI SUSAH KECUALI MASUK BUI NUSAKAMBANGAN SADAR,,,,,,,MKNYA JGN KEPOH SURYOO",29 menit yang lalu,@KristinaMariyana,Netral
YouTube,"Masalah ijazah palsu aja hampir bertahun tahun 
Lemah sangat",29 menit yang lalu,@haviarzain5292,Netral
YouTube,Hukum apakah hanya khusus unt bpk2..ibu2 bebas hukum ?,30 menit yang lalu,@srisuwarti9514,Netral
YouTube,"tunjukkan sj nanti di pengadilan trus diuji fotensik, baru ketahuan asli tdknya",30 menit yang lalu,@mohammadsedijono6170,Netral
YouTube,"SAYA DUKUNG ROEEHHH SURUYUK MASUK JERUJI , UDAH BOSEN LIAT ORANG BEGINI BIKIN ONAR TERUS DI NEGARA INI.",30 menit yang lalu,@raphaeltambun1431,Netral
YouTube,"Next berita “Akte kelahiran palsu, ternyata jokowi warga malaysia”",30 menit yang lalu,@oyensgamingid,Netral
YouTube,Preeet Polda juga saya yakin 100 persen tidak akan jujur,30 menit yang lalu,@dinsafrudin1752,Netral
YouTube,Biar tdk banyak korban masuk penjara. Kapolri harus segera diganti. Itu msh orangnya jokowi.,30 menit yang lalu,@sutiyasutiya7521,Netral
YouTube,"Mampus panci,rismon,Egi,rais dkk
..jaga mulut makanya JD orang jgn asal koar2",30 menit yang lalu,@ahmadiahmadi-m9n,Netral
YouTube,"Terima kasih pak🙏
Sebagai masyarakat kami telah mendapatkan pendidikan dari bapak Jokowi , pembela² p Jokowi,  om Hercules preman  dan  lawyer²nya kami masyarakat sipil bawah mulai sekarang TDK akan skeptis,  kamu tdk akan berfikir tentang kelakuan org² pejabat²  pemerintah. Kalau perlu kami TDK akan menyekolahkan anak² kami agar tdk cerdas dan pintar sbb bisa merepotkan kinerja pemerintah nantinya 
Tapi bo'oooong..... 😝",30 menit yang lalu,@omdecarloofficial4154,Netral
YouTube,Hukum tdk mengenal gender namanya salah atau pelanggaran harus di hukum,30 menit yang lalu,@JerryMamengko-u7v,Netral
YouTube,Roy suryo sok pakar Padahal Banyak Gak ahli,30 menit yang lalu,@Arbv29,Netral
YouTube,"SI PANCI , KALAH MALU Y😂😂😂",30 menit yang lalu,@gunturhartonoiskandar4110,Netral
YouTube,"KALAU TERBUKTI PALSU, HARUS DI PROSES HUKUM
DAN KALAU TERBUKTI ASLI ,MAU ""IBU IBU"" ATAU KAKEK² TETAP PROSES HUKUM....
SETUJU KHAN???👍",30 menit yang lalu,@erik1175,Netral
YouTube,"Ini bukan masalah ijasah palsu saja , tapi masalah jual beli ijazah , untuk mendapatkan suatu pekerjaan/ jabatan untuk itu ini harus di tegakan ,semoga kebenaran selalu menang💪",30 menit yang lalu,@NinaAnzizj,Netral
YouTube,Semoga tidak purra pura lagi pake kursi roda 😂😂😂😂😂😂😂😂,30 menit yang lalu,@aranyatachanel,Netral
YouTube,"Semenjak dipenjara kan roy suryo ini ngidam masukin orang-orang jokowi masuk LP,termasuk jokowinya😂😂.

Gw yang tau sifatnya dari awal(pas keluar di penjara tiap ada hoax dia iyakan semua yang berbau pemerintah waktu itu)😂😂😂",30 menit yang lalu,@yuliopermana7353,Netral
YouTube,ibu yg gila penjarakan saja...bikin ribut terus,30 menit yang lalu,@darmahomestudiophoto2936,Netral
YouTube,Aslinya simpel roi suryo  dkk boikot saja di media.gak kayak sekarang malah di undang sana sini malah tambah bikin gaduh.,30 menit yang lalu,@sunarnojeporo4840,Netral
YouTube,Hancurkan kepalsuan dukung kebenaran.,30 menit yang lalu,@putusiriasumbawa8655,Netral
YouTube,Nanti w KLO kuliah ambil jurusan Kopling Mesin sama siang ambil komputer malam di hukum 😂😂,30 menit yang lalu,@dmaulana2262,Netral
YouTube,"Orang yg percaya sama si roy, pastilah org bodoh...😂😂😂",30 menit yang lalu,@widarta,Netral
YouTube,"Siroy panci, urat malunya udh putus,,",30 menit yang lalu,@Thomsonmorang96,Netral
YouTube,Ijasah bagiku GK pnting.yg pnting krjanya dn km rakyat kecil bnyk di bntu PK jokowi.apa kalian yg ngomong prnh bntu kita GK bkln kalian inget rkyt miskin,30 menit yang lalu,@MKasturi-c8v,Netral
YouTube,Seret dan adili Jokowi dan para penjilatnya.,30 menit yang lalu,@Fatkur-f2f,Netral
YouTube,Setuju banget,5 menit yang lalu,@Elviyana-w6t,Netral
YouTube,"Lu Ga usah Mengancam Netizen lu bego. Jokowi Itu penipu, tukang bohong, tukang ngeles, tukang bacot. Raja Utang. Juara OCCRP. Wajib jokowi di hukum seberat2nya  tanpa syarat! Bego'?!!!😂",2 menit yang lalu (diedit),@SyukriRamli-b7i,Netral
YouTube,Setuju,1 menit yang lalu,@cinghan6222,Netral
YouTube,yo gag seruuuu,30 menit yang lalu,@prasetyorm,Netral
YouTube,"ya pasti di tuduh palsulah, selama 2 tahun tidak mau di perlihatkan ke publik, apalagi rakyat juga berhak tau karena bersangkutan punya jabatan publik, bikin gaduh saja",30 menit yang lalu,@kianjayaelectric9608,Netral
YouTube,"Malu prihatin sedih muak geram kami pr rakyat PD pertunjukkan dagelan2 KONYOL PARA PEMIMPIN DAN EKS PARA PRMMPIN AT PENEGAK HUKUM NEGARA INI YG DIGAJI RAKYAT,  TIDAK LUGAS DLM MENEGAKAN KEADILAN DAN KEJUJURAN...LUPA PD TUGAS PENGABDIAN HARUS MENGURUS DAN MENYEJAHTERAKAN RAKYAT BANGSA NKRI INI...PADA SADARLAH. PAK PRESIDEN PRABOWO BERTINDAKLAH TEGAS BIJAK DAN ADIL MEMPERBAIKI KEHIDUPAN BANGSA NEGARA NKRI YG SDG CARUT MARUT INI, KAMI RAKYAT MENUNTUT DAN MEMOHON ! TOLONG!",30 menit yang lalu,@AgusTresna-e6m,Netral
YouTube,"Andaikata di unjukin dari awal tuh ijazah ga mungkin jadi heboh , tibang di unjukin aja susah bgtt",30 menit yang lalu (diedit),@Nuraini77-m5d,Netral
YouTube,"Mau itu ibu ibu bla bla bla.. gak ada alasan , berani berbuat , berani tanggung jawab .

Apa pun itu . Yg salah harus di hukum .",31 menit yang lalu,@seibya8662,Netral
YouTube,"pembenci akan selalu menjadi pembenci, sarang makar itu ya kubu yang selalu kalah",31 menit yang lalu,@pesugihanunik,Netral
YouTube,"Roy Suryo masih sakit hati dengan pak Jokowi😂. 
Sama halnya dengan Anies waktu di berhentikan jadi menteri di era Jokowi. 
Coba sekarang lihat😂mereka berkumpul untuk menjatuhkan pak Jokowi😂",31 menit yang lalu,@daengtula5041,Netral
YouTube,Ketawa si roy udah nggk kencang lagi... Hanya bisa senyum... Wkwkwkwkw,31 menit yang lalu,@pijatpanggilan9969,Netral
YouTube,Dasar mulut riy Suryo rombeng,31 menit yang lalu,@akunsayaOppo-e9e,Netral
YouTube,Kalau cinta rakyat kenapa tinggal menunjukkan ijazah saja kok bikin resah rakyat,31 menit yang lalu,@HartoyoToyo-l7t,Netral
YouTube,Kapok..roy suryo..,31 menit yang lalu,@hasbirose2328,Netral
YouTube,"Aneh kali kau tu!! Kau anggap yang semua KPU indonesia ini bodoh,gila uang
Roy CS kurang kerjaan..",31 menit yang lalu,@Bgmbaren_youtube,Netral
YouTube,Gak usah Bawak Bawak masyarakat......saya bukan masyarakat yg suka gaduh kayak Klian,31 menit yang lalu,@KatonBatam,Netral
YouTube,Urusan yang sangat tidak penting yang terlalu didramatisir oleh orang yg ga penting juga. Negara lagi berantakan masih aja berkutat dengan hal kayak gini,31 menit yang lalu,@agungdigdoyo2435,Netral
YouTube,"Sekarang mungkin mulai timbul rasa nyesel dihati orang2 ngeyel ini....si roy gk pernah belajar dr masa lalu..dr mukanya ,cengengesan.",31 menit yang lalu,@budimuliyono3569,Netral
YouTube,"Karena tujuan roy panci itu bukan tentang asli atau palsu, 
Tujuannya bikin gaduh aja",31 menit yang lalu,@abiejaya7363,Netral
YouTube,Wkwkkwk ketar ketir roy suryo. Mending hafalin dulu lirik lagu indonesia raya ..,31 menit yang lalu,@sonifalsoi94,Netral
YouTube,"Lah tuh Roy suryo pengeyel, klo ijasah  palsu jadi UGM yg disangka pemalsuan klo bgtu. 
Klo tidak terbukti Roy dkk penjarakan saja.",31 menit yang lalu,@edynuryanto3619,Netral
YouTube,"Itu di tunjukkan cm ke polisi,lucu banget",31 menit yang lalu,@SriMulyati-co6px,Netral
YouTube,RS si maling panci ini tinggal tunggu vonis aja 😂😂😂,31 menit yang lalu,@mas_joke3217,Netral
YouTube,"anda sangat bodoh ya, jd selama dia bekerja dulu sebelum jadi walikota gmn ? emngnya semua gk perlu ijazah ? trus setelah dia jadi walikota,gubernur,dan  presiden msh mempertanyakan ijazah asli atau palsu ?",10 menit yang lalu,@Nubies,Netral
YouTube,"Masalahudah di bikin susah,Semoga Allah akan menyulitkan saat ajal menjemput dan bumi akan menolak jasadnya kelak",31 menit yang lalu,@harakusmana6490,Netral
YouTube,"Rakyat wes ngelu ngrungokno pejabat"" biyen piye kok kaet sak Iki di usut..",31 menit yang lalu,@samsudidiman1376,Netral
YouTube,Sbaiknya si roy panci ini diapakn krn fihak ugm yg kluarin ijazah aja sdh ngaku bhw ijazah asli tp si panci ttp kekeh palsu sbaikny tv dan medsos lainnya di stop aja britakn kasus ini krn hny bikin gaduh gk ada manfaatny,31 menit yang lalu,@romlibgr1501,Netral
YouTube,Ngapain ngurusi ijaza nya pak jokowi wong orang nya jugah udah gak jadi presiden apa yang di permasalah kan,31 menit yang lalu,@bospatfishing7078,Netral
YouTube,Betapa kepo dan pentingnya urusan org lain. Urus yg penting2 bukan gak penting2 amat yg diviralkan.,31 menit yang lalu,@juliuslende4346,Netral
YouTube,"Buka semua kepalsuan vs keaslian mana yang terbukti dengan keterbuakaan ... ❤❤❤

RAKYAT SANGAT INGIN MENGETAHUI",31 menit yang lalu (diedit),@harsan3586,Netral
YouTube,Ketika Roy surya menirukan kata2 jokowi ( ini lho ijazah aslinya hehe ) terlihat jelas benci bgt kayanya dia😂😂😂,31 menit yang lalu,@dwipriyono1333,Netral
YouTube,Roy Suryo Otang nya sudah rusak,31 menit yang lalu,@cellcomsmg1752,Netral
YouTube,"Pak Jokowi melaporkan Roy Suryo dkk dalam kapasitas sebagai WARGA NEGARA  BIASA bukan SEBAGAI MANTAN PRESIDEN berdasarkan pernyataan kuasa hukumnya.. Mas Roy blunder lagi. Atau menggiring opini? Siapa benar, siapa salah biarlah Pengadilan yang membuktikan sebagai lembaga yang SAH.",31 menit yang lalu,@gaskiyangaskiya8747,Netral
YouTube,Tunjukkan ke yg menuduh dan masyarakat selesai,31 menit yang lalu,@Kabarndesa_usaha,Netral
YouTube,Siapapun melakukan perbuatan yang melawan hukum harus menghadapinya dan mempertanggungjawabkan sebagai pembelajaran juga kepada masyarakat....,31 menit yang lalu,@WayanmulusIskandarzulkarnain,Netral
YouTube,"Udah terlanjur basah ya,,gimana ,,(itu mantan persiden  lho ,kita harus tau itu)",31 menit yang lalu,@Juan-w2i7b,Netral
YouTube,"Ini kalau jaman rasululloh RS ini abu jahal. Ditunjukkan bukti yg nyata tetap ngeyel, karena bukan itu esensinya... namanya dengki... 1+1 tetap 10",32 menit yang lalu,@rahmadfajar8210,Netral
YouTube,"Memenjarakan ibu ibu..?? wow, bukannya mereka minta kesetaraan gender, apalagi kita tau omongan ibu-ibu itu pedas sekali tapi ketika kena hukum dia berlindung dibalik ibu-ibu, pantes yg demo dibalik nama agama itu mayoritas ibu-ibu contoh tarwiyah",32 menit yang lalu (diedit),@MoveF-cv6rz,Positif
YouTube,Kok penak men aku setuju penjarakan saja biar bacot nya diam,32 menit yang lalu,@AndriSetiawan-xb6ds,Netral
YouTube,Ijazah nunjukin kaya Aurat saja..,32 menit yang lalu,@HijriatulLaily,Netral
YouTube,Cinta uGM mulutmu smpe menggrusug dgn bnyk orang.,32 menit yang lalu,@BudiArjana-w6c,Netral
YouTube,Lebih parah orang2 yg nyuruh para lansia demo dirumah pak jokowi..😂😂😂,32 menit yang lalu,@kurniawanasri7705,Netral
YouTube,Kalau dasarnya sakit hati dan dendam... Apapun ga percaya.,32 menit yang lalu,@PurnamaHermawansyah-s6w,Netral
YouTube,Pk jokowi jangan gentar rakyat mendukung lanjutkan saja biar tau rasa.,32 menit yang lalu,@asanyoman6650,Netral
YouTube,"Yg jujur akan kelihatan...yg tidak jujur juga akan kelihatan...jujur itu indah,jujur itu membanggun jujur sebagian dari pada iman trimakasih",32 menit yang lalu,@Sukamto01-u3w,Netral
YouTube,disuruh ke persidangan malah ke polisi 🤦 hadeeh 😤 dasar jokodok jokodok bisa ditebak itu polisi pasti beri hormat siap pak siap pak 🤪 padahal suap pak suap pak 🤭 uang 11 ribu triliun tenang bakal kebagian aparat kepolisian 🤣🤣🤣 sudah bisa ditebak emang rakyat Indonesia bisa di kibulin dasar jokodok penghancur NKRI 👎😤,32 menit yang lalu,@alamsyahalam6802,Netral
YouTube,Masukin bui sipanci,32 menit yang lalu,@HastutiHas-j7t,Netral
YouTube,Ujung ujungnya nyalahi mntan presiden STLH tuntutan GK jelas...,32 menit yang lalu,@endintxendintx,Netral
YouTube,Saya dukung agar Roy Dan kawan2 di penjarakan,32 menit yang lalu,@jekynurista9380,Netral
YouTube,Lebih percaya Om Roy,32 menit yang lalu,@nurhayati4263,Netral
YouTube,Enaknya ngomong lidah nggak bertulang.,32 menit yang lalu,@putuarmada9465,Netral
YouTube,Klu terbukti asli penjarakan aja roysuryo....emang orang nya sesalu mencari kesalahan orang...gabisa harus dipenjarakan,32 menit yang lalu,@SriLiani-uz5sc,Netral
YouTube,Para ternak nya jokodok Mulyono miris....sekali pembela kejahatan.,32 menit yang lalu,@altap3676,Netral
YouTube,"Menggiring opini baru si roy dengan membawa2x kata ibu""",32 menit yang lalu,@pijatpanggilan9969,Netral
YouTube,"Ijazah palsu jokowe hrs d adili,jgn sampai ntar d pakai buat nglamar pejabat negara lagi .mimpin negara dgn ijazah palsu",32 menit yang lalu,@djokopengelana513,Netral
YouTube,gausah bawa masyarakat.kami sebagai masyarakat sangat berterimakasih sama pak jokowi,32 menit yang lalu,@elainalolot1904,Netral
YouTube,"Isu"" seperti ini untuk mengalihkn perhatian pemerintah untuk menindak korupsi agar para tikus"" yg duduk dikursi pejabat bebas berkeliaran,si roy suryo ini gk ada kerjaan bikin ribut liht tunegara lain udah siap"" berperang sedangkn orang"" indonesia ributin ijazah",32 menit yang lalu,@zulexpres4068,Netral
YouTube,Roi suryo kaya raya uang banyak hasil em em.....,32 menit yang lalu,@rukiatirukiati5606,Netral
YouTube,Lo bener kan SDH lah apapun meskipun ijasah SDH di tunjukan ke polisi pegundal pegundal ini Ndak percaya...,32 menit yang lalu,@AndriSetiawan-xb6ds,Netral
YouTube,Yang lain udah didepan ini malah masih urusan priuk...hoalahhhh....,32 menit yang lalu,@bintangtimur101,Netral
YouTube,"Roy Suryo otaknya kotor, membolak balikkan isu.",32 menit yang lalu,@sriminingsihwahyuni853,Netral
YouTube,"Isu"" seperti ini untuk mengalihkn perhatian pemerintah untuk menindak korupsi agar para tikus"" yg duduk dikursi pejabat bebas berkeliaran,si roy suryo ini gk ada kerjaan bikin ribut liht tunegara lain udah siap"" berperang sedangkn orang"" indonesia ributin ijazah",33 menit yang lalu,@zulexpres4068,Netral
YouTube,"Andai ijazahnya diperlihatkan dari awal kan gak akan jelumet kayak gini!!!
Aneh aneh saja!!!",33 menit yang lalu,@Engkok-si3el,Netral
YouTube,Roy .. ..Roy. ... 🤦🤦🤦 .bikin gak nyenyak tdr saja,33 menit yang lalu,@BudiAsmara-h6m,Netral
YouTube,Gara2 di pecat sakit hatinya si panci sampe mendarah daging,33 menit yang lalu,@GarudaRaya-m6w,Netral
YouTube,Penjarakan siapa pun org nya.. Yg salah...,33 menit yang lalu,@DiditSamsudin,Netral
YouTube,Kompas bikin survei rakyat percaya jokowi lulusan ugm atau ijazah nembak,33 menit yang lalu,@kangsupar1063,Netral
YouTube,"Uji asli tidaknya Ijasah ko ke polisi,lanjut ke pemeriksaan lanjutan Dong",33 menit yang lalu,@HijriatulLaily,Netral
YouTube,bersihkan yang korupsi benahi negri ini opm gak selesai kok malah ijazah,33 menit yang lalu,@hendrix5235,Netral
YouTube,Orang PD ruwet banget.pdhl Jokowi bnyak jasanya jln tol jln pedesaan kita masarakat kecil JD gmpang ngirim barang.drpd kalian kaum penghujat ngomong doang jasamu apa bgi kita.,33 menit yang lalu,@MKasturi-c8v,Netral
YouTube,Kalau saya si simpel koh susah bener di negeri ini cari orang bener adanya orang muter muter rakyat cape tunjukan selese koh susah amat yang namanya sabar ngga ada batasnya koh ada orang bilang sabar ada batasnya apa ora salah coba simak kembali nuwun,33 menit yang lalu,@PakNasam,Netral
YouTube,"Klo sdh dilaporkan kepolisi skrg bingung sendiri , pkek mengatas namakan ibu"" ,,,,, salahnya sendiri ngapain ikut org dengki n sirik",33 menit yang lalu,@jokoslamet1605,Netral
YouTube,Ijazah itu hanya pengalihan isu biar tikus negara china bebas mencuri wilayah RI dan tambang emas dan lainnya puluhan ribu trilyun rupiah per tahun selama satu dekade terakhir,33 menit yang lalu,@azgrdesantos4822,Netral
YouTube,"gak penting bgt asuw,  emng gua ama elu dpt apa kalo trnyata ijazahnya palsu. Hobi bgt buang2 waktu anjing",33 menit yang lalu,@HarumWangi945,Netral
YouTube,Mang orang songgong gk percayaan,33 menit yang lalu,@LadiSaputro-e9e,Netral
YouTube,Orang² USIL........ga tahu malu,33 menit yang lalu,@rakypapudi1045,Netral
YouTube,"Ra urus,,,penting golek rejeki nggo keluarga",33 menit yang lalu,@Mekanik.k3liling,Netral
YouTube,Biar masyarakat jga menilai org sakit hati menghina mempetnah perseden ny.,33 menit yang lalu,@ernawati-ll3uy,Netral
YouTube,"Inilah kelemahan orang,,indonesia senangnya pengin cari muka,numpang tenar ga ada kemauan tuk bersatu membangun bangsa",33 menit yang lalu,@Darmawan-c5p,Netral
YouTube,"Harga diri lah pak,, knp presiden hrs tunduk dngn kata"""" bpak",33 menit yang lalu,@Dino_gaming126,Netral
YouTube,"GUPLAK!!! KAPAN MAU MAJU NEGARA INI, RIBUT TERUS",33 menit yang lalu,@bayugakamusik,Netral
YouTube,RS ini hatinya penuh kebencian & dendam,34 menit yang lalu,@borindojaya7584,Netral
YouTube,Pakar Telepancika akan tetap culas dan fitnah karena itu memang pekerjaannya.,34 menit yang lalu,@rafli541,Netral
YouTube,Emang yakin polisi bisa netral. Belajar dari kasus2 yg ada,34 menit yang lalu,@romyirawan9616,Netral
YouTube,Ada yg lebih genting dunia lagi ga baik² saja,34 menit yang lalu,@EDW..,Netral
YouTube,ADILI ROY SURYO BIKIN ONAR AJA..,34 menit yang lalu,@Rioevi82Aruan-ev8fr,Netral
YouTube,Masih ngeyel.... Kasih baju orange aja..buat pembelajaran buat anak2 abah,34 menit yang lalu,@Ayahzaynstarla,Netral
YouTube,Mank gak ada yang lebih berbobot ya selain ngejar2 ijazah pak jokowi,34 menit yang lalu,@romadonafitriyadi6660,Netral
YouTube,Roy suryo memang top markotop karyamu begitu buanyak😅😅😅,34 menit yang lalu,@ivancheung-j3s,Positif
YouTube,Masyarakat menilai orang yang bekerja untuk negara bukan orang yang berpendidikan hebat❤❤❤,34 menit yang lalu,@MariaRumpaisum,Netral
YouTube,"Pelaporan kpd para pohak oleh Mulyono adalah sebagai 'tes ombak', thd loyalisnya apakah beliau masih dianggap ketua Parcok.",34 menit yang lalu,@PandomUrip_Channel,Netral
YouTube,"Pak Jokowi pernah jadi presiden pasti dia tau cara main cantiknya seperti apa😂😂😂.. sulit abangku, MK aja di  acak-acak 😅😅",34 menit yang lalu,@asepjaelani5051,Positif
YouTube,"Sepertinya ada kesengajaan mengulur ngulur seandainya dikeluarkan ijazah yang asli bukan potocpy cukup masa SMA dan kuliah, ini tidak jadi ramai",34 menit yang lalu,@akucintaindonesia7510,Netral
YouTube,Roy suryo pakar panci bukan pakar yang lain,34 menit yang lalu,@radenlatif8527,Netral
YouTube,Bg yoy kena kehilangan job jd perusuh 😂,34 menit yang lalu,@kisaran_asahan,Netral
YouTube,Harus bapa jokowi penjara ajah,34 menit yang lalu,@AgusParuk-q2x,Netral
YouTube,Roy gak tenang ..gak bs tidur😂😂😂 ..,34 menit yang lalu,@fahrulrifai6756,Netral
YouTube,"Jokowi sudah jelas memalsu kan ijasah nya, simpel aja kalau mau nunjukin ijasah tapi di buat ribet",34 menit yang lalu,@antoniinstalatur143,Netral
YouTube,"Selevel apa Polisi yang memeriksa Ijazah Jokowi,( pengetahuan tentang ijazah,pengetahuan tentang ke aslian ijazah??????????",34 menit yang lalu,@HijriatulLaily,Netral
YouTube,Masyarakat menilai siroy keciduk,34 menit yang lalu,@sumiati789-op5pt,Netral
YouTube,"Wajar rismon menguji ijazah jokowi karna rismon memang penelitian, dan roy suryo pakar telematika.. Kalo kajian ilmiah balas dengan kajian ilmiah, ini bukti blom ada jokowi main lapor lapor aja 🤣 jokowi ngerti hukum ga si?? Dungu tuh mantan 😅",34 menit yang lalu,@AbdulLatif-dh9lt,Positif
YouTube,Masuk hotel lagi roy,34 menit yang lalu,@GenerasiGemblondong-c1v,Netral
YouTube,"Kegaduhan yang gada manfaatnyaa,",34 menit yang lalu,@Lalajo804,Netral
YouTube,"Ini orang2 pada kenapa sih ,ijasah nembak aja mudah keluar dapat ijasah asli,ini malah bikin ijasah palsu.yg kuliah pasti tau lah. Btw ini masalah ga kelar² apa ga ada masalah lain ya pada diri masing² individu sampe ngurusi ijasah orang dan ga kelar² 😂",34 menit yang lalu,@borilnoah8745,Netral
YouTube,Semoga ini murni hukum.... Tidak ada motif lain,34 menit yang lalu,@andangkusnandar4298,Netral
YouTube,macam betul aja roy suryo,34 menit yang lalu,@yansasdita6353,Netral
YouTube,Ngak tahu apa sebenarnya tujuannya Roy dan cs nya.jujur saya paling benci dengan ni orang.mudah2han ni orang bisa di penjara.saya akan sangat bangga jadi warga negara Indonesia.,35 menit yang lalu,@madeswara1261,Netral
YouTube,Mas Roy dan rekan sakit..,35 menit yang lalu,@TriPuji-n3r,Netral
YouTube,"Laporkan balik saja roy suryo atas tuduhan palsu dan pencemaran nama baik seorang jokowi. 
Serta otak dari penggulingan di masa jabatan wktu itu.  Pengumpulan massa demo. 

Itu namanya kejahatan terencana.",35 menit yang lalu,@kahfinur131,Netral
YouTube,ingat buang jauh2x sifat iridengkinya,35 menit yang lalu,@Yohanesjuki,Netral
YouTube,Roisuryo dan kawan kawan kan barisan sakit hati....,35 menit yang lalu,@jahipassihotang6433,Netral
YouTube,biar ibu 2kalau kelewatan menghina dan kenapa roysuryo kamu iri krn pak jokowi semua anak mantux karirx bagus termasuk gibran kamu yg menghina semuax iri dengki,35 menit yang lalu,@Supredymarsad,Netral
YouTube,Roy  suryo cocoknya di buang k nusa kambangan,35 menit yang lalu,@BagongOpomo1276,Netral
YouTube,wajib Roy masuk penjara,35 menit yang lalu,@nahrowiwidyastuti3320,Netral
YouTube,Semenjak di copot dari menteri ROY SURYO sakit hati kepada pakde Jokowi,35 menit yang lalu,@DeOneProject,Netral
YouTube,Mantaaaaaaaaaap kalau mas suryo dan kelompoknya di penjara mantuuuuuuuuul rakyat indonesia siap berpesta menyambut hari apes mas suryo,35 menit yang lalu,@MulyadiNata-ck7bh,Netral
YouTube,Gw sebagai orang biasa yakin palso kok.  Berasa di buter2 anjirr hal simpel,35 menit yang lalu,@romyirawan9616,Netral
YouTube,Sepertinya dari pihak pk Jokowi berbelit2 wong tinggal tunjukan ijazah aslinya pk Jokowi simpelkn gitu aja ko repot,35 menit yang lalu,@MuslimJamali-s7v,Netral
YouTube,Setelah kepepet dn panik baru tunjukan ijazahnya,35 menit yang lalu,@firdausyusuf7197,Netral
YouTube,pak roy jawab dong motif/tujuannya..,35 menit yang lalu,@bengbengchannel376,Netral
YouTube,"Jokowi adalah kebenaran yg hakiki,orang orang seperti roi ini,sirik dengan kebaikan Jokowi,dasar pencundang",35 menit yang lalu,@MaaniCafe,Netral
YouTube,masyarakat pasti Taulah kelakuanmu Suryo cs.ngapain ngurusin ijazah orang lain.orang kok otaknya PD miring. kl ibu ibu mulutnya dijaga mungkin tdk akan terjadi seperti ini. makanya jgn suka usil.mau palsu maupun asli itu hak setiap orang untuk tdk diberi tau orang lain.kecuali ada penipuan baru....,35 menit yang lalu,@ernajuwita3096,Netral
YouTube,"Saat negara lain sibuk dg inovasi, peperangan utk mempertahankan tanah airnya, negara konoha sibuk dg pengadilan ijazah palsu, pemakzulan, doktrin agama. Mau dibawa kemana bangsa ini??? Goblokkkkkkk semua",35 menit yang lalu,@Nhooo-i6k,Netral
YouTube,Kaum tersakiti,35 menit yang lalu,@andisetiyawan2671,Netral
YouTube,Hukum aja itu roi Suryo biar GK jadi propokator,35 menit yang lalu,@LadiSaputro-e9e,Netral
YouTube,Mau cari simpati membawa nama ibu2 gk peduli ibu klo mulutnya.. Ember asal ngomong klo emang salah proses buat plajaran.. Buat yg laen.. Biar bijak dlm bicara...,35 menit yang lalu,@Mistap83-o7m,Netral
YouTube,"Ijazah palsu Cermin Banyak Nya Pejabat yang tidak baik di negara ini ...UGM di uji apakah ini universitas besar atau tidak ..
Bila universitas besar tunjukkan kejujuran Mu .. tetapi sebaliknya bila Ugm universitas Rendah ... silahkan anda semua wahai orang pintar... berbohong lah terus😢 

Ingat matiii",35 menit yang lalu,@DoniOctaVianus,Netral
YouTube,Roy Suryo cs kelompok sakit hati dan pembenci jokowi. Dilaporkan Polisi jangan mlempem tetap semangat ya?? Jangan bilang dikriminalisasi.,35 menit yang lalu,@mangedi486,Netral
YouTube,Masyarakat tau ambisi rakus kalian 😂,35 menit yang lalu,@nicz73franz37,Netral
YouTube,Pak roy maksa senyumnya 😂😅😅,35 menit yang lalu,@mataramhobi,Netral
YouTube,"Akhirnya kelihatan roy suryo ketakutan.....😂😂😂😂
Jangan2 kencing celana ya....😂😂😂😂😂😂😂😂😂
Akhirnya pak jokowi punya kebebasan untuk melawan . Dulu beliau terbelenggu oleh jabatannya....",35 menit yang lalu,@morgantmartabe8924,Netral
YouTube,Kebenaran Akan menemukan jalan yang Benar....,36 menit yang lalu,@Nt-amatuallah,Netral
YouTube,Kebenaran Akan menemukan jalan yang Benar....,36 menit yang lalu,@Nt-amatuallah,Netral
YouTube,"Suryo itu Barisan Sakit Hati 
Karna tdk dikasih jabatan 
Ini penyakit Hati...
Iri dengki",36 menit yang lalu,@imamkusmanto,Netral
YouTube,"giliran dilaporkan nanti merasa paling tersakiti,bilangnya mantan presiden kok melaporkan ibu ibu, alah ampas taikk",36 menit yang lalu,@mpinggondrong397,Netral
YouTube,"tunjukan ke rakyat
minimal ke roy atau rismon
beres kan",36 menit yang lalu,@jeffproit,Negatif
YouTube,Emang Roy Suryo selalu banyak bikin masalah dan bikin guduh,36 menit yang lalu,@SriLiani-uz5sc,Netral
YouTube,kalo palsu gak mungkin jadi walikota gubernur presiden..,36 menit yang lalu,@denimorante-uj8ll,Netral
YouTube,"Koq brani Jokowi melapor, Padahal skripsinya bermasalah...apa GK takut akan menghancurkan nama baik UGM nantinya.....😮",36 menit yang lalu,@rasya-d8q,Netral
YouTube,"negara bodoh, maslah ijazah bertahun tahun. Revolusi agar negara menjadi benar.",36 menit yang lalu,@Kepo-lz5jy,Netral
YouTube,"Ijazah ijazah ijazah.... 
Roy Suryo ini gmna yahh.... Sok iye",36 menit yang lalu,@pijatpanggilan9969,Netral
YouTube,Roy udah mulai panik😅,36 menit yang lalu,@parasiansinurat3639,Netral
YouTube,"makanya ,jangan seujon sama orang",36 menit yang lalu,@Yohanesjuki,Netral
YouTube,"Semoga dipenjara semua yg memfitnah.. ketakutan jelass,sekarang berkata-kata mau penjarakan 2ibu2 yg jelas jadi terlapor... Rakyat NKRI menjaga Marwah semua presidennya...",36 menit yang lalu,@ZahermanuRahmi,Netral
YouTube,Bimsalabim smua serba bisa😂😂😂,36 menit yang lalu,@adesupriyatna132,Netral
YouTube,"untungnya apa sih royyyyyyyyy.. mau asli atau palsu gak ngaruh, nyatanya dia kerja baik untk bangsa ini, kita di pelosok Indonesia sangat terasa kinerja dan jasa pak Jokowi",36 menit yang lalu (diedit),@nicsonlakapu3905,Netral
YouTube,"Sudah tdk menjabat, ngapain bang Roy ngurusin ijazah, mending perbaiki sistem pendidikan. Kepo kayak emak2 komplek yg tdk ada kerjaan",36 menit yang lalu,@Darir029,Netral
YouTube,Logikanya misalkan Jokowi tidak memiliki ijasah UGM.Yang jadi pertanyaan partai pengusung dia dulu yang jadi masalahnya😂,36 menit yang lalu,@wasisbae-by1eg,Netral
YouTube,Ini.orang emeng buat gaduh aja,36 menit yang lalu,@kasmintokuniran6931,Netral
YouTube,"saya sangat kecewa melihat kasus ini , sangat tidak produktif memalukan bikin gaduh , semoga kedepan jangan ada lagi model2 begini , harus nya bisa lebih bermutu",36 menit yang lalu,@anisfaozan3372,Netral
YouTube,Roy pembuat onar!,36 menit yang lalu,@zoeyuzna3596,Netral
YouTube,Penipu akan terus menipu dengan gerombolannya. Mereka sudah mengusai negeri ini,36 menit yang lalu,@ajirdata9430,Netral
YouTube,MENUNJUKKAN IJAZAH KOK KE POLISI....JELAS REKAYASA NYA LAH....,37 menit yang lalu,@altap3676,Netral
YouTube,Itu polisi temennya Jokowi pasti belain lah..... Kaco polisi Indonesia,37 menit yang lalu,@Kobra.selebor,Netral
YouTube,Roy suryo sudah gak laku.. Makanya dia cari sensasi? Pintarlah wahai masyarakat indonesia,37 menit yang lalu,@duniamodern4003,Netral
YouTube,pak RS terlihat panik. dan cari aman berlindung di istilah ilmiah.  mungkin ga bisa tidur kalau malam.,37 menit yang lalu,@mpamungkas,Netral
YouTube,"yang minta tunjukan gak dikasih, tapi polisi yg gak minta malah dikasih... salam waras",37 menit yang lalu,@kakangprabu6932,Netral
YouTube,Itu sudah di prediksi boss klu jokowi sudah tunjukan ijazah asli roy cs pasti cari cari kesalahan yg lain soal ijazah  buruan penjara roy cs selesai masalah ijazah jokowi,37 menit yang lalu,@BedhbotPakbedh-c1z,Netral
YouTube,"Datangkan ahli forensik dari luar yg independen,bila perlu dari badan PBB, untuk mengecek keaslian ijasah",37 menit yang lalu (diedit),@nurpantio9549,Netral
YouTube,"saya sebagai masyarakat sangat mendukung Roy Suryo, khususnya agar Pak Jokowi mempidanakan beliau...  🤣🤣🤣🤣",37 menit yang lalu,@gondala,Netral
YouTube,Aduh roy Suryo sendiri sendiri bekas napi sok bersih lagi ...dasar koplak,37 menit yang lalu,@DannySihite,Netral
YouTube,Y rombongan RS. Rumah sakit eh Roy Suryo cs apa untungnya si ya gembar gembor pak Jokowi ijazahnya palsu apa untungnya mang Roy😭😭🇮🇩,37 menit yang lalu,@darsonoono8538,Netral
YouTube,"Skrg sih cengengesan, udh msk penyidikan dan peradilan mau kutengok kau mukamu ky apa?!!!",37 menit yang lalu,@patogarmiox821,Netral
YouTube,"KALAU ada ya tunjukkanlah...
Lah kok 100 tahun kemudian BARU ada ditunjukkan... Aneh...

Edit Dulu baru tunjukkan...",37 menit yang lalu,@muslemamd5333,Netral
YouTube,❤❤❤,30 menit yang lalu,@parasiansinurat3639,Netral
YouTube,"Artinya kalo palsu, ente ente dan ane di tipu sama mantan presiden bodoh. Cacat hukum dan pembodohan rakyat. Bodoh",4 menit yang lalu,@salmanyahya8588,Netral
YouTube,😂😂😂 jadi kalau ijazah seorang palsu gak ngaruh??? DUNGU LO ENAK AJA LO GAK BILANG NGARUH😂,2 menit yang lalu,@Pemuda-pemudi777Bataknesa,Netral
YouTube,"ngaruh lah bro, kalo ijazahnya palsu berarti dia telah membohongi rakyat indonesia, kan syarat jd presiden itu harus S1. tinggal tunjukan aja clear seberapa susah sih, kalo misalkan palsu kan bisa di penjara 5 tahun cmiiw",1 menit yang lalu,@ivanwijaya2134,Positif
YouTube,Ijasah jokowi itu yakin ASLI PALSUNYA,37 menit yang lalu,@bilkiskacafilm1804,Netral
YouTube,Perkumpulan orang ga jelas,37 menit yang lalu,@parpargopar750,Netral
YouTube,Roy suryo urus saja hidupmu ngapain urus skripsi orang 😂😂😂😂,37 menit yang lalu,@Nyong_Pette,Netral
YouTube,"Kalo asli dan pihak yg mengeluarkan ijasah mengakui,berarti kan benar beliau memang menempuh pendidikan di sana...yg menjadi polemik asli atau palsu,berarti yg mengeluarkan ijasah lah yg lebih mengetahui keasliannya dong.",37 menit yang lalu,@wawanrismawan9492,Netral
YouTube,"kalau rakyat berijazah palsu ,paling kamu ditolak melamar kerja disalah satu prosahaan .tdk ada orang yg merasa dirugikan ..tapi kalau seorang pemimpin , bahkan seorang presiden yg memimpin 270jt rakyat indonesia itu yg masalah .apalagi kebijakan nya dinilai sangat banyak merugikan rakyat itu yg jadi masalah . seorang pemimpin pasti ada tanggung jawab pada rakyat yg dipimpin .sekarang Jokowi tdk lagi jadi pemimpin ,tapi dia masih menerima gaji dari rakyat,  bahkan masih banyak menerima pasilitas negara yg dibayar rakyat ,seperti rumah mewah mobil mewah dn sebagai nya .masalah ijazah Jokowi wajib dituntut tuntas .....",37 menit yang lalu,@CandraDojen,Netral
YouTube,"Semangkin tinggi sekolah nya bukan nya semangkin pintar tapi malah kelihatan goblok dan bodoh nya sibuk nyari kesalahan org, negara lain sudah naik ke bulan rakyat Indonesia masih sibuk saling mencari kebodohan",37 menit yang lalu,@predator_ssk,Netral
YouTube,Diketawain negara tetangga dan seluruh dunia,37 menit yang lalu,@MatiusKasimun,Netral
YouTube,Di pidanakan karena kamu sendiri Roy Suryo,37 menit yang lalu,@AsrulAraha,Netral
YouTube,Gak sabar menunggu persidangan dan adu data.,37 menit yang lalu,@amurwabhumi_18,Netral
YouTube,Ribet amat tinggal tunjukin ijazahnya.uji forensik..yg nuduh penjara..,37 menit yang lalu,@agushartono9982,Netral
YouTube,"Panci,panci,,,,,",37 menit yang lalu,@dwipriyatno6406,Netral
YouTube,Negara lain UD memikirkan perang global dll...ini msh mbulet masalah ijazah....miris uyyy,37 menit yang lalu,@wawanroeswandhy8504,Netral
YouTube,Roy roy katanya ijazah palsu sekarang skripsinya,37 menit yang lalu,@sumiati789-op5pt,Netral
YouTube,"Harusnya tunjukan ijazah itu ke masyarakat kalo itu asli biar masalah segera selesai, ini malah menjadikan polemik ini makin dalam",37 menit yang lalu,@fjumaidi3731,Netral
YouTube,Ni org kok dlu bsa jd mentri,37 menit yang lalu,@yohanesbaptistan.shoere8804,Netral
YouTube,Sangat tidak negarawan seorang mantan presiden....,37 menit yang lalu,@yudd1605,Netral
YouTube,"Duuuh.... Lihat muka Roy Suryo jadi pingin muntah, menjijikkan",37 menit yang lalu,@ErwanWidodo-gy6ov,Negatif
YouTube,"Mau perempuan kah kalau salah tetap bui, kalau R S seumur hidup bila terbukti salah, sebab kelihatan mnjd benalu di negri",38 menit yang lalu,@Aldri1104,Netral
YouTube,Lu selalu bawa2 nama masyarakat bro suryo lu yg dilaporkan kok bawa2 rakyat 😂,38 menit yang lalu,@DekiAlwani,Netral
YouTube,😊😊😊,38 menit yang lalu,@PangemananSigar,Netral
YouTube,gerombolan 16% ya gini ini,25 menit yang lalu,@pesugihanunik,Netral
YouTube,"Kata kata Jurus andalan barisan sakit hati """"kriminalisasi""""",38 menit yang lalu,@sarwoadisaputra6681,Netral
YouTube,Baju orange sudah di siap kan,38 menit yang lalu,@putraangga92Canel,Netral
YouTube,Memalukan mantan menteri Indonesia begini😂😂😂😂,38 menit yang lalu,@MatiusKasimun,Netral
YouTube,TUDUHAN SECARA ILMIAH PEMBELAAN HRS SECARA ILMIAH JUGA..DAN DILAKUKAN OLEH TIM INDEPENDENT,38 menit yang lalu,@idrannus5881,Netral
YouTube,"Kebodohan kok di pelihara,negara lain sudah sampai menciptakan bulan, nagara saya kok ngurusi ijazah kan bodoh, kenapa ngk tanya ijazah Pk karno, pak harto, Pk habibi, bu mega, Pk sby, kenapa kok nyerang Pk jokowi saja, ini motifnya sakit hati,.",38 menit yang lalu,@selametsaji3070,Netral
YouTube,"Apapun yang di lakukan Jokowi 
Meskipun menunjukkan ijazahnya tetep aja pembenci mencari celah untuk menjatuhkan pak Jokowi",38 menit yang lalu,@sopiangeboy9186,Netral
YouTube,Roy ngcol,38 menit yang lalu,@AripSubandi-dx8eh,Netral
YouTube,"Waktu roy suryo jadi mempora adem ayem aja, setelah lengser baru mulai mencari  cari ke salahan mantan presiden R1 ke 7. Disini bagi saya berarti yg lebih hebat beliau dari kamu yg koar koar. Sekali lagi saya mau mengatakan mantan presiden R1 jokowi dodo lebih hebat dari sekian orang menggap dirinya lebih berintelektual dari berbagai bidang keilmuan yang di agung agungkan dan kalian banggakan selama ini. Saya juga mau menanyakan kemana Ahli tatanegara dalam hal ini bagian birokrasi, dari wali kota, gubernur sampai jadi presiden 2 priode saat ini baru ada rumor mempersoalkan mengenai ijazah beliau. Apa gak malu negara kita di tonton seluruh media nasional dan internasional. Bagian administrasi seorang calon itu kan ada layak atau tidak layaknya seseorang mencalonkan diri di berbagai lowongan pekerjaan apalagi seleksi berkas sekelas presiden itu sangat ketat dan sudah di pertimbangkan juga secara matang yg ada di birokrat dalam hal ini bagian administrasi bagian seleksi berkas seorang capres dan cawapres. Jangan hanya karena ketidak sukaan pribadi, sehingga menjadi preseden buat kamu yg koar dan banyak statemen di medsos maupun konvensional. Belajarlah menghargai arti demokrasi negara ini yg sudah di perjuangkan oleh rekan rekan mahasiswa kala itu peristiwa 1998. Negara yang demokrasi itu memang benar ada di negeri ini tapi apakah hal hal seperti ini harus di perdebatkan secara panjang. Setiap argumen yg terlafal harus penuh kearifan, kebijaksanaan sehingga setiap kalimat atau ucapan anda tidak tendensius. Saya masyarakat indonesia mendukung pihak hukum di negeri ini untuk cepat menyelesaiakan permasalahan ini biar tuntas biar tidak ada pihak yg dirugikan kepada kedua belah pihak yg saling mencari kebenaran, biar tidak menjadi komsutif publik tanah air dan global.🙏",38 menit yang lalu,@sultantanabe8772,Netral
YouTube,"Jokowi capek royyyy ,, dari 2019 udan nunjukin tetep aja dituduh2 .",38 menit yang lalu,@sakirapuri1570,Netral
YouTube,"Penjarain lagi lah si kumis tengil ini
Saya juga benci mulyono ,tapi lebih jijik sama musang caper ini😂",38 menit yang lalu,@alfamulia0,Netral
YouTube,Ya Allah PK Jokowi jadi presiden sll di hina..sdh mantan presiden juga di hina.. padahal banyak rakyat suka kepimpinan PK Jokowi... beliau sll sabar...ada apa dengan rakyat Indonesia ini ya Allah..sudah zaman fitnah... lanjutkan PK Jokowi kebenaran tegakkan.. NKRI harga mati,38 menit yang lalu,@AkuKamu-sg7qt,Netral
YouTube,Heran sama roy suryo cari cari hal... Kayak ndk punya dibawah sebagai mantan menteri goblok,38 menit yang lalu,@avnertumengkol8403,Netral
YouTube,Penjarakan aja kalau roysuryo.. biar mulut itu enggak lanteh,38 menit yang lalu,@zs9495,Netral
YouTube,Dia pencuri panci tukang fitnah adu domba rugi banget kalau gk d bui ni roy,38 menit yang lalu,@sarahakinna4885,Netral
YouTube,Kenapa para alumni banyak yang diam ya ?  Terutama yang seangkatan Jokowi pada saat kuliah,38 menit yang lalu,@akucintaindonesia7510,Netral
YouTube,Kalo memang ijazahnya asli nanti bawa aja dipengadilan waktu persidangan Roy suryo dkk untuk uji forensik sekalian dibawa semuanya   ijazah asli dari SD SMP  SMA dan sarjana dan jokowi hadir apabila diminta oleh hakim dlm persidangan jangan takut cuma ditanya doang asli atau palsu ijazahnya...supaya rakyat indonesia percaya dan puas bahwa semua ijazahnya jokowi asli 😂😂,38 menit yang lalu,@untungmargono6231,Netral
YouTube,"𝙍𝙤𝙮 𝙚𝙢𝙖𝙣𝙜 𝙥𝙞𝙣𝙩𝙖𝙧, 𝙥𝙞𝙣𝙩𝙖𝙧 𝙗𝙪𝙨𝙪𝙠 𝙝𝙖𝙩𝙞𝙣𝙮𝙖",38 menit yang lalu,@bejanhoya546,Netral
YouTube,"Suruh nunjukin ijazah palah berkelit terus jadi nya gaduh,kalo sampai tidak ada tpi mempenjarakan orang dengan pasal2 yg lain dan hakim nya setuju hukum dagelan",38 menit yang lalu,@onooppo1659,Netral
YouTube,roy udah panik 😂😂😂😂,38 menit yang lalu,@alladin7371,Netral
YouTube,bagus lah Jokowi lapor ...biar semua bisa liat Ijazah nya ...,38 menit yang lalu,@muhammadryanalkhattab9616,Netral
YouTube,😢😮😊,38 menit yang lalu,@sitirofiqoh7493,Netral
YouTube,Kasus pengalihan isu 😂😂😂,38 menit yang lalu,@anonymoussquad8598,Netral
YouTube,Roy Suryo 😂,38 menit yang lalu,@rezzakhaliluna3699,Netral
YouTube,dendam apa si Pak Roy??????😅😂,38 menit yang lalu,@masakane_ibu,Netral
YouTube,"IJASAH PAKAR ROY ITU DARI    UNIVERSITAS MANA YAH.....
DAN APA LHU KETAKUTAN, YAH......",38 menit yang lalu,@Ir.HasyimRachmat,Netral
YouTube,Roy Suryo sampah negara. Jokowi gak perlu buktikan ijasah ke sampah2 musuh2nya.,39 menit yang lalu,@musicbot2541,Netral
YouTube,Bui 2 kali Roy Panci..,39 menit yang lalu,@FAIZ_ZIPI,Netral
YouTube,"Sudah lolos seleksi jadi walikota gubenur dan presiden 2x masih meragukn ijazah palsu!
Memang benar benar gila ini orang mantan korupsi cengar cengir kaya orang gila.
Hukum saja bisa mana tidak terbukti ijazah pak jokowi palsu.
Tolong di penjara seumur hidup saja, karena ini sudah melibatkan banyak penguji sebelum pak jokowi menjabat sebagai walikota dan gubenur sampai presiden 2 priode.",39 menit yang lalu,@kotlin5201,Netral
YouTube,"Mana yg benar dan bersalah hanya yg maha kuasa yg tahu,semoga kebenaran nya cepat terungkap, kalaupun salah nuduh biar mendapatkan hukuman sesuai hukum yg berlaku di NKRI yaitu sudah menuduh ijasah orang palsu dan yg sudah buat gaduh..",39 menit yang lalu (diedit),@Johneyesoftheheart,Netral
YouTube,Mudah2an yg ditunjukkan bukan AsPal....???,39 menit yang lalu,@ShakiGustami,Netral
YouTube,Kalo Jokowi bayar GK kira2 pak polisi,39 menit yang lalu,@rachmanagazta1216,Netral
YouTube,"Roy klu punya titel sarjana itu apa yg disimpan ijazah atau skripsi, bisa2nya skripsi kau cari2 klu loe sarjana mana skripsinya ada tdk tunjukkan jgn hanya bacot menyerang org kamu juga kamu tuntut",39 menit yang lalu,@jasmanw7563,Netral
YouTube,"Yah pasti menang jokowi, wong kapolrinya aja anak buahnya dan banyak orang dalam di pengadilan. Cuma nanti pengadilan akhirat lah yang menghukumnya",39 menit yang lalu,@baybarslink,Netral
YouTube,Aduh ....,39 menit yang lalu,@JohnnySiburian,Netral
YouTube,"Pasti rakyat menilai klo kmu itu tukang fitnah Roy, ag jamin kmu itu msuk lgi ke pnjara, klo kmu dah masuk rakyat pasti puas bnget roy",39 menit yang lalu,@TohirHidayat-fk3dn,Netral
YouTube,Orang kalau punya otak negatif pasti pemikiran nya begitu,39 menit yang lalu,@MatiusKasimun,Netral
YouTube,"biarpun mereka ditunjukkan pasti tetap ada bla bla bla,curiga,ragu...bnr kata pembwa acara..urgentnya apa?",39 menit yang lalu,@arfastatus8331,Netral
YouTube,Ribet amat tinggal tunjukin ijazah...jadi semua orang tau bahwa ijazah itu asli atau gak..JD GK bikin gaduh...jangan sengaja bikin gaduh supaya bisa pidanakan orang...,39 menit yang lalu,@asepjokosutirto4992,Netral
YouTube,Berita gak penting gimana indonesia mau maju 😅😅,39 menit yang lalu,@FitriyahPipit-g9w,Netral
YouTube,"Si roy sosro ini banyak omong juga bawa masyarakat....
Kalau dari dulu jokowi menujukan ijazahnya memang sudah selesai tapi masyarakat juga harus tau kalo roy sosro dan gerombolannya pasti akan nyari2 lagi kesalahan jokowi....
Maklumlah manusia2 sakit hati",39 menit yang lalu,@suryamega8274,Netral
YouTube,Memang gak tau ada bupati sudah menjabat di tapanuli setelah mencalonkqn jadi gubernur ketahuan ijasahnya palsu,11 menit yang lalu,@Bohariari-x5m,Netral
YouTube,"Ee dungok, karna dia sudah jadi gubernur dan presiden makanya dipermasalahkan, supaya jadi pelajaran dungok, supaya yg jadi presiden bener2 berlisensi asli biar gk bikin regulasi jelek pro investor jadiin rakyat budak",10 menit yang lalu,@Wongfaehong,Netral
YouTube,"Di lembar pengesahan skripsi jokowi,   Tidak ada daftar nama penguji sekripsi dan tanda tangan penguji sekripsi. 
Tanggal pengesahan jg dikosongkan. Berarti sekripsinya bodong. Jk Sekripsi bodong sdh pasti  ijazah bodong. Pihak UGM  Ditanya oleh ahli digital forensik Rismon lulusan UGM, knp gk ada tanda tangan penguji, dan gk ada tanggal pengesahan? Plonga plongo,  gk bisa jawab, UGM ikut2 nutupi kebohongan.",7 menit yang lalu,@ridhonugraha5232,Netral
YouTube,​ @Bohariari-x5m sudah diklarifikasi sama UGM nyeeeettt... Emang kalo penghamba setan ya begini,4 menit yang lalu,@VesiskaYantiani-m7d,Netral
YouTube,"😂😂😂 apa yg gak mungkin kalau ada niat 
 konstitusi aja bisa dirubah , apalagi ijazah",1 menit yang lalu,@Pemuda-pemudi777Bataknesa,Netral
YouTube,"Aib adakalanya dibuka, semakin kau tutup aibmu makin banyak yang dbuka. Sepandai2nya manusia kuasa Tuhan ga bisa dilawan.",39 menit yang lalu,@yanatawa,Netral
YouTube,Orang yg sdh redup panggungnya ya gmn caranya kembali naik panggung apapun caranya. Bagi rakyat tdk penting ijazah yg penting kemampuannya memajukan negara. Lha Roy Suryo dll apakah ada kontribusinya utk negara ini? hanya jdi rayap di republik ini,39 menit yang lalu,@untuwalang,Netral
YouTube,Bangsawan tp berpikirnya murahan .... Roy ... Roy 😅😅😅,39 menit yang lalu,@Titobs52,Netral
YouTube,"Roy roy tata cara ngomong di media.nggak masuk akal
😂😂",39 menit yang lalu,@ahmadrohali8980,Netral
YouTube,Konoho lgi bikin film indihe..😂,39 menit yang lalu,@Aqila.N.F,Netral
YouTube,Walaupun pk Jokowi tdk punya ijasah TPI km sebagai masyarakat Indonesia cukup puas dngn beliau selama menjabat 2 periode...👍👍👍👍,39 menit yang lalu,@JhidanBabu,Netral
YouTube,Selamat roy suryo dan kawan2 menempati rumah barunya,39 menit yang lalu,@AdiSabian,Netral
YouTube,"Pandangan masarakat ROI Suryo adalah orang derengki, karna bikin onar mengapa kok ngurus ijazah,",39 menit yang lalu,@mananabdul7006,Netral
YouTube,Liat Roy panci..udah mules pengen modol...amit2.,40 menit yang lalu,@nandiasgar7017,Netral
YouTube,"Hatimu penuh kebencian pak Rio Suroyo..km kok gk lelah2 ya.
Sehat2 terus pak Jokowi",40 menit yang lalu,@dedeirawan8644,Netral
YouTube,Giliran di laporin gini haduh roy,40 menit yang lalu,@Wanto93,Netral
YouTube,Bung mulai ketar ketir 😂,40 menit yang lalu,@alfarizy5462,Netral
YouTube,"Tunjukkan aja. klo asli baru di pidanakan..yg menuduh tdk asli...
Tapi klo palsu gimana...
Hal sepele di buat serumit rumitnya...
Jadi betul...klo di konoha ini...
""Kalau bisa di persulit ngapain di permudah""😅😅",40 menit yang lalu,@arselarsel6227,Netral
YouTube,Roy Suryo itu goblog,40 menit yang lalu,@UntungSuwarno-kk4uq,Netral
YouTube,"Tobat kau Roy carmuk nya....merasa hebat betulkah anda, malah kelihatan batas kepintaran mu dan soal etika mu ke sesama manusia... Tobat woi jgn ngehayal trs kamu menjadi org hebat....",40 menit yang lalu (diedit),@Rioevi82Aruan-ev8fr,Netral
YouTube,"Cerita anak anak. Waktu jadi walikota kok gak ada masalah,setelah jadi presiden kok ribut. Jangan irilah. Maribersama sama membangun bangsa.",40 menit yang lalu,@sutinook7015,Netral
YouTube,"Ijazahnya S1 harus 2 , Drs dan Ir",41 menit yang lalu,@Nurhayati-b3p6q,Netral
YouTube,"Semoga yg kurang krjaan, sadar, jelekin orang baik",41 menit yang lalu,@SuwarnoKordming,Netral
YouTube,cari kenenaran yg sejati nanti yang salah dihukum gantung saja,41 menit yang lalu,@Sutikno70Alis,Netral
YouTube,"Logika di balik yukkk...
Kalo dr awal yakin palsu kok g bikin laporan? Cm koar2 menebar opini? 😂
Org g mau tunjukkan kok dipaksa tunjukkan?
Suka sekali menggiring opini ""supaya masyarakat menilai seorang mantan presiden mempidanakan 2 wanita"" 😂
Wanita yg bagaimana dl itu yg dipidanakan? Kalo dr awal 2 wanita itu jg yakin palsu, kan dr awal tinggal laporkan pak jokowi",41 menit yang lalu (diedit),@and1purnomo.ap07,Netral
YouTube,Pembohongan publik donk,36 menit yang lalu,@hisyam634,Netral
YouTube,❤❤❤,35 menit yang lalu,@parasiansinurat3639,Netral
YouTube,Hutang negara pada masa nya tinggi banget kok bangga 😂😂,31 menit yang lalu,@asepjaelani5051,Netral
YouTube,"Dulu sekaskus, roy suryo adalah gimmick terbesar di dunia IT. 
Sok tau nya melebihi ilmu yg dia punya. 
Anak2 bawah tanah aja ga ada yg seheboh dia yg jauh diatas rata2. 
Nama ngetop cuma bagi yg ga tau.",41 menit yang lalu,@Muhtadin-h1h,Netral
YouTube,Masyarakat indonesia tau kalo kau Roy penipu...masyarakat yg mana percaya sama kau...paling masyarakat bodoh yg mbela kau,41 menit yang lalu,@AhmadZaini-c6t,Netral
YouTube,Ijazah jokowi di keluarkan pd jaman PRATIKNO jd Rektor UGM jd sdh jls kan persoalanx,41 menit yang lalu,@mustapa0016,Netral
YouTube,Roy suryo ketar ketir bawa 2 ibu-ibu 😂😂😂😂,41 menit yang lalu,@Nyong_Pette,Netral
YouTube,Si Roy suryo pasti keukeuh pd prinsifnya...karna tau salah agar si Roy panci dan kadrun2nya supaya naik banding...!! Jgn mau..si Roy panci cs hrs  tetap dpenjara...,41 menit yang lalu,@sudrajat9731-c7v,Netral
YouTube,Memperlihatkan ijazah asli saja kok repot,41 menit yang lalu,@Iketutcatu,Netral
YouTube,Dengan segala kasus polisi mana percaya masyarakat sama omongan polisi,41 menit yang lalu,@samar1585,Netral
YouTube,Penghianat tetap penghianat... Akan kah dilakukan pengujian forensik untuk ijasah..,41 menit yang lalu,@sayajanur7450,Netral
YouTube,"Pinter kok gendeng... 
Orang² sakit hati ke pak jokowi😂😂😂😂😂",41 menit yang lalu,@Semeru0791,Netral
YouTube,Kenapa tunjukin ke polisi yg sdh dibyr Dan org Jokowi,41 menit yang lalu,@zainudinmohammadhusain7339,Netral
YouTube,"Si roy itu kalo jd presiden jg gk bakal becus, jd mentri aja korupsi kok macam betul aja koar² nyari kesalahan org yg blm tentu kebenaran nya",41 menit yang lalu,@BarastBalistik-xr7dt,Netral
YouTube,Bila benar silahkan penjarakan ...tapi bila palsu maka Seluruh Rakyat Indonesia selama ini anda tipu😢😢,41 menit yang lalu,@DoniOctaVianus,Netral
YouTube,klo si jokodok lapor cepat di respon ma polisi.apalagi kapolri nya titipan jodokok.,41 menit yang lalu,@SohoRuby,Netral
YouTube,Biar masyarakat yg menilai..maksudnya??. jgn bawa2 nama masyarakatlah demi kepentingan pribadi anda..kalian yg bikin ulah..masyarakat yg dibawa-bawa.,41 menit yang lalu (diedit),@habakukriwu2138,Netral
YouTube,"Hasbunallah2x wanikmal wakil   nikmal maulla2x wanikman nashiir..
( Semoga ada ppwrtolongan Allah bagi yg benar).✍",41 menit yang lalu,@sutajiwarso3079,Netral
YouTube,Mau ijazah bpk jokowi di tunjukkan sekalian .pasti .si roy dan kawan2 itu pasti akan cari2 ..celahnya,41 menit yang lalu,@linggacanastainaulia3034,Netral
YouTube,Roy mau terkenal dan cari simpati masyarakat aja,41 menit yang lalu,@RaflyTrygunawan,Netral
YouTube,Yg perlu lihat itu masyarakat krn ud gaduh.,41 menit yang lalu,@goblinjunior1069,Netral
YouTube,Dr dulu RS cari mslh,41 menit yang lalu,@mawarberduri7411,Netral
YouTube,jadi pakar kok malah maling panci,41 menit yang lalu,@medikharisma824,Netral
YouTube,ROY SURYO DARI DULU NGELAWAK TRUS CUKK😂😂,41 menit yang lalu,@gueimpostorr7264,Netral
YouTube,Sekalipun ditunjukan bagi pembenci pak Jokowi ga akan puas.,41 menit yang lalu,@Arruy,Netral
YouTube,Roy Roy,42 menit yang lalu,@siprianusnahak7727,Netral
YouTube,Dipercepat aja penyelidikannya,42 menit yang lalu,@venansiuspaskalisagung,Netral
YouTube,"MESKI si JOKO MENUNJUKN IJAZAHNYA PD POLISI,TDK OTOMATIS ITU DATA ATAU BARANG BUKTI YG BENAR..EMAS ANTAM SAJA BISA DIPALSUKAN BOS..JDI HRS DIUJI DULU KEBENARANYA DGN ILMU YG SESUAI..",42 menit yang lalu (diedit),@umarsigit4514,Netral
YouTube,"Saya sangat mendukung Roy Suryo dkk, mendukung untuk segera masuk penjara.. 👍",42 menit yang lalu,@yang_selalu,Netral
YouTube,Mantan presiden bro,42 menit yang lalu,@yudaaye2878,Netral
YouTube,Saya dukung Roy Suryo,42 menit yang lalu,@iyusiyus8172,Netral
YouTube,Kalo kasus ini udah kelar bakalan isu apa lagi ke pak Jokowi,42 menit yang lalu,@agusriyadi4962,Netral
YouTube,"Biarkan masyarakat menilai,betapa busuk nya hati seorang Roy suryo.",42 menit yang lalu,@muhammadarief2377,Netral
YouTube,"Bagi sy hukum g nyambung.. ilmu ilmiah di sandingkan dgn hukum y jls g nyambung g msk akal.klo ilmiah lawan ilmiah, hukum sama hukum itu baru bnr mnrtku.apa lg masa penggugat hrs membuktikan,yg hrs membuktikan y yg tergugat yg katanya pny ijazah asli,bkn penggugat..penggugat tinggal menguji keasliannya ketika tergugat dlm hal ini Jokowi memberikan ijazah.itu baru msk akal, mnrtku hukum juga hrs di rubah kdpnya yg msk di akal sehat,jgn sistem sistem dlu dlu😅😅",42 menit yang lalu,@rchaavrnchaa3529,Netral
YouTube,TERUSKEN PAK JOKO WIE...BIAR KAPOK ITU ROY SURYO.....BIKIN GADUH,42 menit yang lalu,@KORBANNPD,Netral
YouTube,"Kira2 pengacara Jokowi ,klo emang terbukti Ijazah UGM palsu,pengacara bisa ikut keseret juga gak sih?",42 menit yang lalu,@ahmadzulkarnain3857,Netral
YouTube,Isuk dele sore tempe,42 menit yang lalu,@thagina6349,Netral
YouTube,Adili Jokowi,42 menit yang lalu,@PutuWardika-p2r,Netral
YouTube,"Kalau kurang  ajar  mesti di ajar.  

ROY SURYA,  dkk
Mulutmu harimau mu. 
Biar bersih mulut dan hati kalian yang kotor itu masuk  ramai2 sekumpulan gerombolan pembuat  Gadu.",42 menit yang lalu,@Johanes-l4g,Netral
YouTube,"Enak aja udh ngerusak negara 10 tahun, pengen pensiun dgn tenang dan nyaman bersama keluarga + masih cawe²😅

Rakyat yg susah, rakyat yg berantem dia nya cuma ""hehehe""😅",42 menit yang lalu (diedit),@ellesidpierre9146,Netral
YouTube,Asli tapi Palsu???,42 menit yang lalu,@iwansatibi7195,Netral
YouTube,Roy Suryo disebut pakar telematika memang lulusan dibidang apa ya koq disebut pakar telematika...ini tanya ya benar2 gak tau,42 menit yang lalu,@heriawanharun,Netral
YouTube,"Masih ngebacot nih RS nih,
Siap² kau masuk penjara",42 menit yang lalu,@aqillatatto3486,Netral
